line,statn_id,statn_nm,direction,time_band,day_type,headway_samples,p50_sec,p90_sec,mean_sec,std_sec,cv,over_1p5x_ratio
1호선,1001000100,소요산,상행,출근,평일,1,830,830,830.0,,,0.0
1호선,1001000101,동두천,상행,출근,평일,6,434,623,440.0,195.4,0.444,0.0
1호선,1001000101,동두천,상행,퇴근,평일,1,695,695,695.0,,,0.0
1호선,1001000101,동두천,하행,점심,평일,1,453,453,453.0,,,0.0
1호선,1001000101,동두천,하행,출근,평일,3,559,810,519.0,313.5,0.604,0.0
1호선,1001000101,동두천,하행,퇴근,평일,1,534,534,534.0,,,0.0
1호선,1001000102,보산,상행,출근,평일,5,434,614,434.0,175.8,0.406,0.0
1호선,1001000102,보산,상행,퇴근,평일,1,695,695,695.0,,,0.0
1호선,1001000102,보산,하행,출근,평일,5,518,773,582.0,156.9,0.27,0.0
1호선,1001000103,동두천중앙,상행,출근,평일,6,427,719,482.0,203.8,0.423,0.167
1호선,1001000103,동두천중앙,상행,퇴근,평일,1,702,702,702.0,,,0.0
1호선,1001000103,동두천중앙,하행,출근,평일,7,461,760,492.0,144.9,0.295,0.143
1호선,1001000104,지행,상행,출근,평일,6,449,682,465.0,198.9,0.428,0.167
1호선,1001000104,지행,상행,퇴근,평일,1,708,708,708.0,,,0.0
1호선,1001000104,지행,하행,출근,평일,6,501,896,573.0,203.0,0.354,0.167
1호선,1001000105,덕정,상행,출근,평일,5,515,653,498.0,162.4,0.326,0.0
1호선,1001000105,덕정,상행,퇴근,평일,1,689,689,689.0,,,0.0
1호선,1001000105,덕정,하행,출근,평일,7,531,888,547.0,194.8,0.356,0.143
1호선,1001000106,덕계,상행,출근,평일,4,424,625,486.0,164.2,0.338,0.0
1호선,1001000106,덕계,상행,퇴근,평일,1,659,659,659.0,,,0.0
1호선,1001000106,덕계,하행,출근,평일,7,491,889,555.0,193.7,0.349,0.286
1호선,1001000107,양주,상행,점심,평일,3,596,818,553.0,288.9,0.522,0.0
1호선,1001000107,양주,상행,출근,평일,6,458,799,487.0,231.8,0.476,0.167
1호선,1001000107,양주,상행,퇴근,평일,4,318,814,439.0,252.8,0.576,0.25
1호선,1001000107,양주,하행,점심,평일,4,426,767,566.0,184.9,0.327,0.5
1호선,1001000107,양주,하행,출근,평일,7,518,764,515.0,149.5,0.29,0.0
1호선,1001000107,양주,하행,퇴근,평일,3,302,828,388.0,404.4,1.043,0.333
1호선,1001000108,녹양,상행,점심,평일,3,815,839,750.0,133.9,0.179,0.0
1호선,1001000108,녹양,상행,출근,평일,4,566,799,604.0,143.8,0.238,0.0
1호선,1001000108,녹양,상행,퇴근,평일,4,306,834,442.0,263.1,0.596,0.25
1호선,1001000108,녹양,하행,점심,평일,2,239,777,508.0,380.4,0.749,0.5
1호선,1001000108,녹양,하행,출근,평일,8,386,842,502.0,199.3,0.397,0.25
1호선,1001000108,녹양,하행,퇴근,평일,4,458,804,583.0,200.9,0.345,0.5
1호선,1001000109,가능,상행,점심,평일,3,816,861,737.0,177.8,0.241,0.0
1호선,1001000109,가능,상행,출근,평일,5,595,797,568.0,159.5,0.281,0.0
1호선,1001000109,가능,상행,퇴근,평일,5,356,826,493.0,261.7,0.531,0.4
1호선,1001000109,가능,하행,점심,평일,3,517,708,503.0,212.3,0.422,0.0
1호선,1001000109,가능,하행,출근,평일,7,410,817,511.0,199.1,0.39,0.286
1호선,1001000109,가능,하행,퇴근,평일,5,466,819,559.0,184.5,0.33,0.2
1호선,1001000110,의정부,상행,점심,평일,6,355,854,484.0,226.1,0.467,0.5
1호선,1001000110,의정부,상행,출근,평일,5,424,605,448.0,101.6,0.227,0.0
1호선,1001000110,의정부,상행,퇴근,평일,6,323,775,416.0,191.3,0.46,0.167
1호선,1001000110,의정부,하행,점심,평일,7,326,826,429.0,257.3,0.6,0.429
1호선,1001000110,의정부,하행,출근,평일,9,386,740,405.0,204.0,0.504,0.222
1호선,1001000110,의정부,하행,퇴근,평일,6,472,878,485.0,276.7,0.57,0.167
1호선,1001000111,회룡,상행,점심,평일,6,372,853,483.0,222.4,0.461,0.333
1호선,1001000111,회룡,상행,출근,평일,6,404,605,439.0,91.8,0.209,0.0
1호선,1001000111,회룡,상행,퇴근,평일,6,271,784,407.0,207.2,0.509,0.333
1호선,1001000111,회룡,하행,점심,평일,6,333,540,389.0,146.3,0.376,0.333
1호선,1001000111,회룡,하행,출근,평일,10,346,560,408.0,112.4,0.276,0.2
1호선,1001000111,회룡,하행,퇴근,평일,5,476,841,566.0,183.0,0.323,0.2
1호선,1001000112,망월사,상행,점심,평일,5,516,551,447.0,132.9,0.298,0.0
1호선,1001000112,망월사,상행,출근,평일,6,406,591,440.0,87.2,0.198,0.0
1호선,1001000112,망월사,상행,퇴근,평일,5,417,792,441.0,217.8,0.494,0.2
1호선,1001000112,망월사,하행,점심,평일,4,367,525,393.0,169.2,0.43,0.0
1호선,1001000112,망월사,하행,출근,평일,8,412,857,471.0,178.6,0.38,0.125
1호선,1001000112,망월사,하행,퇴근,평일,6,482,812,545.0,148.6,0.273,0.167
1호선,1001000113,도봉산,상행,점심,평일,7,518,809,495.0,185.8,0.375,0.143
1호선,1001000113,도봉산,상행,출근,평일,6,396,572,439.0,77.9,0.177,0.0
1호선,1001000113,도봉산,상행,퇴근,평일,4,317,453,350.0,113.9,0.325,0.0
1호선,1001000113,도봉산,하행,점심,평일,6,375,521,388.0,145.7,0.375,0.0
1호선,1001000113,도봉산,하행,출근,평일,10,399,525,407.0,120.9,0.297,0.1
1호선,1001000113,도봉산,하행,퇴근,평일,6,502,820,550.0,152.8,0.278,0.167
1호선,1001000114,도봉,상행,점심,평일,4,503,569,487.0,90.9,0.187,0.0
1호선,1001000114,도봉,상행,출근,평일,5,405,582,438.0,92.2,0.211,0.0
1호선,1001000114,도봉,상행,퇴근,평일,4,318,436,346.0,86.9,0.251,0.0
1호선,1001000114,도봉,하행,점심,평일,5,525,890,500.0,263.8,0.527,0.2
1호선,1001000114,도봉,하행,출근,평일,8,416,864,458.0,176.0,0.385,0.125
1호선,1001000114,도봉,하행,퇴근,평일,6,501,810,550.0,148.9,0.271,0.167
1호선,1001000115,방학,상행,점심,평일,4,488,576,487.0,113.6,0.233,0.0
1호선,1001000115,방학,상행,출근,평일,5,421,572,440.0,86.4,0.197,0.0
1호선,1001000115,방학,상행,퇴근,평일,4,341,425,358.0,82.6,0.231,0.0
1호선,1001000115,방학,하행,점심,평일,4,340,596,400.0,188.7,0.472,0.25
1호선,1001000115,방학,하행,출근,평일,9,416,878,431.0,191.9,0.445,0.111
1호선,1001000115,방학,하행,퇴근,평일,5,503,629,500.0,83.8,0.168,0.0
1호선,1001000116,창동,상행,점심,평일,6,558,675,538.0,117.2,0.218,0.0
1호선,1001000116,창동,상행,출근,평일,5,426,581,438.0,88.8,0.203,0.0
1호선,1001000116,창동,상행,퇴근,평일,5,426,889,466.0,247.0,0.529,0.2
1호선,1001000116,창동,하행,점심,평일,6,435,584,446.0,147.7,0.331,0.0
1호선,1001000116,창동,하행,출근,평일,10,359,510,387.0,124.2,0.321,0.1
1호선,1001000116,창동,하행,퇴근,평일,6,506,635,513.0,92.0,0.179,0.0
1호선,1001000117,녹천,상행,점심,평일,4,489,613,500.0,150.8,0.302,0.0
1호선,1001000117,녹천,상행,출근,평일,5,427,571,442.0,82.2,0.186,0.0
1호선,1001000117,녹천,상행,퇴근,평일,5,403,819,462.0,205.6,0.445,0.2
1호선,1001000117,녹천,하행,점심,평일,5,551,879,511.0,258.4,0.506,0.2
1호선,1001000117,녹천,하행,출근,평일,9,349,834,423.0,186.4,0.44,0.222
1호선,1001000117,녹천,하행,퇴근,평일,6,504,629,513.0,81.2,0.159,0.0
1호선,1001000118,월계,상행,점심,평일,4,520,636,515.0,140.8,0.273,0.0
1호선,1001000118,월계,상행,출근,평일,5,429,567,442.0,83.2,0.188,0.0
1호선,1001000118,월계,상행,퇴근,평일,6,381,838,411.0,228.7,0.557,0.167
1호선,1001000118,월계,하행,점심,평일,4,412,562,411.0,186.9,0.455,0.0
1호선,1001000118,월계,하행,출근,평일,9,394,870,421.0,200.5,0.476,0.111
1호선,1001000118,월계,하행,퇴근,평일,6,492,643,512.0,87.7,0.171,0.0
1호선,1001000119,광운대,상행,점심,평일,11,243,397,311.0,132.2,0.425,0.273
1호선,1001000119,광운대,상행,출근,평일,9,244,550,302.0,132.3,0.438,0.222
1호선,1001000119,광운대,상행,퇴근,평일,11,229,424,287.0,131.0,0.456,0.273
1호선,1001000119,광운대,하행,점심,평일,9,413,644,354.0,215.1,0.607,0.111
1호선,1001000119,광운대,하행,출근,평일,16,205,523,260.0,176.3,0.679,0.438
1호선,1001000119,광운대,하행,퇴근,평일,11,247,353,275.0,119.1,0.433,0.091
1호선,1001000120,석계,상행,점심,평일,10,245,487,320.0,176.4,0.551,0.3
1호선,1001000120,석계,상행,출근,평일,10,244,475,293.0,124.7,0.425,0.2
1호선,1001000120,석계,상행,퇴근,평일,11,215,602,299.0,167.9,0.561,0.273
1호선,1001000120,석계,하행,점심,평일,9,296,840,372.0,211.9,0.569,0.222
1호선,1001000120,석계,하행,출근,평일,15,257,430,264.0,100.0,0.379,0.2
1호선,1001000120,석계,하행,퇴근,평일,12,271,447,286.0,125.7,0.439,0.167
1호선,1001000121,신이문,상행,점심,평일,11,261,469,322.0,170.2,0.528,0.273
1호선,1001000121,신이문,상행,출근,평일,11,234,486,282.0,112.9,0.4,0.182
1호선,1001000121,신이문,상행,퇴근,평일,12,209,603,298.0,171.6,0.576,0.333
1호선,1001000121,신이문,하행,점심,평일,8,276,854,382.0,226.1,0.592,0.25
1호선,1001000121,신이문,하행,출근,평일,15,241,456,264.0,103.1,0.39,0.2
1호선,1001000121,신이문,하행,퇴근,평일,13,275,419,281.0,116.3,0.414,0.154
1호선,1001000122,외대앞,상행,점심,평일,10,244,484,318.0,181.1,0.57,0.3
1호선,1001000122,외대앞,상행,출근,평일,10,221,364,268.0,101.5,0.379,0.2
1호선,1001000122,외대앞,상행,퇴근,평일,11,214,599,303.0,164.6,0.543,0.273
1호선,1001000122,외대앞,하행,점심,평일,9,287,849,385.0,207.3,0.539,0.222
1호선,1001000122,외대앞,하행,출근,평일,15,233,443,266.0,101.4,0.382,0.2
1호선,1001000122,외대앞,하행,퇴근,평일,12,286,359,289.0,101.8,0.352,0.083
1호선,1001000123,회기,상행,점심,평일,10,231,480,317.0,164.2,0.519,0.3
1호선,1001000123,회기,상행,출근,평일,12,237,510,318.0,206.2,0.648,0.25
1호선,1001000123,회기,상행,퇴근,평일,11,233,586,303.0,157.2,0.518,0.273
1호선,1001000123,회기,하행,점심,평일,9,275,857,384.0,216.0,0.562,0.222
1호선,1001000123,회기,하행,출근,평일,16,238,433,258.0,96.3,0.373,0.125
1호선,1001000123,회기,하행,퇴근,평일,11,298,401,299.0,108.4,0.362,0.091
1호선,1001000124,청량리,상행,점심,평일,16,204,420,237.0,123.4,0.521,0.313
1호선,1001000124,청량리,상행,출근,평일,19,220,305,209.0,116.2,0.556,0.053
1호선,1001000124,청량리,상행,퇴근,평일,17,223,350,200.0,116.7,0.585,0.118
1호선,1001000124,청량리,하행,점심,평일,11,256,428,329.0,186.6,0.567,0.273
1호선,1001000124,청량리,하행,출근,평일,19,206,299,217.0,45.9,0.211,0.0
1호선,1001000124,청량리,하행,퇴근,평일,13,249,333,258.0,63.6,0.247,0.0
1호선,1001000125,제기동,상행,점심,평일,15,221,434,239.0,125.8,0.526,0.2
1호선,1001000125,제기동,상행,출근,평일,19,188,328,208.0,117.5,0.564,0.211
1호선,1001000125,제기동,상행,퇴근,평일,18,205,314,197.0,105.3,0.535,0.167
1호선,1001000125,제기동,하행,점심,평일,10,238,391,278.0,84.3,0.304,0.2
1호선,1001000125,제기동,하행,출근,평일,18,197,285,216.0,48.3,0.223,0.056
1호선,1001000125,제기동,하행,퇴근,평일,14,248,322,255.0,66.8,0.261,0.071
1호선,1001000126,신설동,상행,점심,평일,11,291,528,299.0,148.1,0.495,0.182
1호선,1001000126,신설동,상행,출근,평일,15,206,323,239.0,102.3,0.429,0.267
1호선,1001000126,신설동,상행,퇴근,평일,14,215,306,241.0,68.9,0.286,0.071
1호선,1001000126,신설동,하행,점심,평일,10,245,399,278.0,95.2,0.342,0.2
1호선,1001000126,신설동,하행,출근,평일,19,210,269,216.0,42.2,0.195,0.0
1호선,1001000126,신설동,하행,퇴근,평일,13,264,318,260.0,59.8,0.23,0.0
1호선,1001000127,동묘앞,상행,점심,평일,10,197,410,277.0,126.2,0.456,0.5
1호선,1001000127,동묘앞,상행,출근,평일,17,195,353,235.0,99.4,0.423,0.235
1호선,1001000127,동묘앞,상행,퇴근,평일,15,221,308,239.0,67.8,0.284,0.067
1호선,1001000127,동묘앞,하행,점심,평일,11,249,404,283.0,97.3,0.344,0.182
1호선,1001000127,동묘앞,하행,출근,평일,18,201,289,219.0,56.4,0.257,0.056
1호선,1001000127,동묘앞,하행,퇴근,평일,13,264,335,262.0,63.6,0.243,0.0
1호선,1001000128,동대문,상행,점심,평일,11,265,438,290.0,125.2,0.431,0.273
1호선,1001000128,동대문,상행,출근,평일,18,189,341,231.0,99.0,0.429,0.222
1호선,1001000128,동대문,상행,퇴근,평일,14,234,303,242.0,64.2,0.265,0.071
1호선,1001000128,동대문,하행,점심,평일,11,237,410,282.0,93.3,0.331,0.182
1호선,1001000128,동대문,하행,출근,평일,18,208,306,220.0,60.5,0.275,0.056
1호선,1001000128,동대문,하행,퇴근,평일,13,261,330,264.0,60.1,0.227,0.0
1호선,1001000129,종로5가,상행,점심,평일,11,267,440,291.0,120.3,0.414,0.273
1호선,1001000129,종로5가,상행,출근,평일,17,195,337,236.0,98.4,0.417,0.235
1호선,1001000129,종로5가,상행,퇴근,평일,14,230,334,246.0,65.5,0.267,0.0
1호선,1001000129,종로5가,하행,점심,평일,11,232,404,281.0,97.2,0.346,0.273
1호선,1001000129,종로5가,하행,출근,평일,18,217,291,223.0,59.4,0.266,0.056
1호선,1001000129,종로5가,하행,퇴근,평일,13,281,334,261.0,63.6,0.244,0.0
1호선,1001000130,종로3가,상행,점심,평일,11,284,430,292.0,111.5,0.381,0.182
1호선,1001000130,종로3가,상행,출근,평일,16,193,311,228.0,96.1,0.421,0.188
1호선,1001000130,종로3가,상행,퇴근,평일,14,236,322,247.0,63.3,0.256,0.0
1호선,1001000130,종로3가,하행,점심,평일,12,231,389,286.0,96.8,0.339,0.333
1호선,1001000130,종로3가,하행,출근,평일,17,214,298,220.0,64.7,0.295,0.059
1호선,1001000130,종로3가,하행,퇴근,평일,13,284,326,262.0,60.2,0.23,0.0
1호선,1001000131,종각,상행,점심,평일,12,258,446,301.0,111.4,0.37,0.333
1호선,1001000131,종각,상행,출근,평일,17,209,314,232.0,88.8,0.384,0.118
1호선,1001000131,종각,상행,퇴근,평일,15,224,313,242.0,60.9,0.252,0.067
1호선,1001000131,종각,하행,점심,평일,12,222,404,285.0,103.5,0.363,0.333
1호선,1001000131,종각,하행,출근,평일,19,211,302,216.0,61.9,0.287,0.053
1호선,1001000131,종각,하행,퇴근,평일,13,282,351,269.0,57.9,0.215,0.0
1호선,1001000132,시청,상행,점심,평일,11,267,432,315.0,103.1,0.328,0.273
1호선,1001000132,시청,상행,출근,평일,18,210,297,228.0,89.0,0.391,0.056
1호선,1001000132,시청,상행,퇴근,평일,14,233,314,249.0,55.9,0.224,0.0
1호선,1001000132,시청,하행,점심,평일,15,203,391,234.0,109.3,0.467,0.267
1호선,1001000132,시청,하행,출근,평일,23,197,286,184.0,85.3,0.465,0.087
1호선,1001000132,시청,하행,퇴근,평일,21,174,233,161.0,102.8,0.636,0.095
1호선,1001000133,서울,상행,점심,평일,10,289,447,324.0,107.2,0.331,0.2
1호선,1001000133,서울,상행,출근,평일,17,221,310,229.0,65.7,0.287,0.059
1호선,1001000133,서울,상행,퇴근,평일,14,232,325,245.0,50.5,0.206,0.0
1호선,1001000133,서울,하행,점심,평일,15,199,438,233.0,138.0,0.592,0.267
1호선,1001000133,서울,하행,출근,평일,22,171,312,183.0,93.3,0.509,0.136
1호선,1001000133,서울,하행,퇴근,평일,22,180,330,162.0,113.4,0.701,0.182
1호선,1001000134,남영,상행,점심,평일,10,245,444,318.0,109.4,0.344,0.5
1호선,1001000134,남영,상행,출근,평일,16,223,421,251.0,96.5,0.384,0.125
1호선,1001000134,남영,상행,퇴근,평일,16,219,338,234.0,57.5,0.246,0.125
1호선,1001000134,남영,하행,점심,평일,12,271,445,294.0,105.3,0.359,0.167
1호선,1001000134,남영,하행,출근,평일,19,194,325,217.0,72.7,0.335,0.158
1호선,1001000134,남영,하행,퇴근,평일,13,217,364,245.0,71.7,0.293,0.231
1호선,1001000135,용산,상행,점심,평일,13,208,424,247.0,131.3,0.533,0.308
1호선,1001000135,용산,상행,출근,평일,26,131,280,158.0,96.9,0.615,0.346
1호선,1001000135,용산,상행,퇴근,평일,24,164,228,150.0,77.4,0.515,0.042
1호선,1001000135,용산,하행,점심,평일,14,221,459,254.0,130.5,0.514,0.357
1호선,1001000135,용산,하행,출근,평일,28,152,266,147.0,90.6,0.617,0.107
1호선,1001000135,용산,하행,퇴근,평일,24,136,286,151.0,86.4,0.573,0.25
1호선,1001000136,노량진,상행,점심,평일,14,209,454,260.0,148.3,0.572,0.357
1호선,1001000136,노량진,상행,출근,평일,25,128,274,151.0,102.6,0.678,0.36
1호선,1001000136,노량진,상행,퇴근,평일,25,179,234,142.0,83.8,0.588,0.04
1호선,1001000136,노량진,하행,점심,평일,14,186,403,235.0,114.4,0.487,0.286
1호선,1001000136,노량진,하행,출근,평일,27,149,275,151.0,91.4,0.607,0.222
1호선,1001000136,노량진,하행,퇴근,평일,22,178,280,164.0,97.3,0.593,0.136
1호선,1001000137,대방,상행,점심,평일,13,238,445,269.0,152.8,0.568,0.385
1호선,1001000137,대방,상행,출근,평일,24,119,342,164.0,112.8,0.686,0.375
1호선,1001000137,대방,상행,퇴근,평일,23,168,208,142.0,82.7,0.583,0.043
1호선,1001000137,대방,하행,점심,평일,14,201,389,236.0,95.5,0.406,0.286
1호선,1001000137,대방,하행,출근,평일,27,149,270,145.0,84.4,0.581,0.148
1호선,1001000137,대방,하행,퇴근,평일,22,157,267,161.0,95.5,0.594,0.182
1호선,1001000138,신길,상행,점심,평일,13,222,458,264.0,154.8,0.585,0.385
1호선,1001000138,신길,상행,출근,평일,27,143,266,154.0,91.2,0.591,0.259
1호선,1001000138,신길,상행,퇴근,평일,23,166,235,155.0,83.7,0.541,0.087
1호선,1001000138,신길,하행,점심,평일,13,236,427,239.0,121.6,0.509,0.154
1호선,1001000138,신길,하행,출근,평일,25,142,284,155.0,101.1,0.652,0.2
1호선,1001000138,신길,하행,퇴근,평일,22,163,257,155.0,95.8,0.62,0.182
1호선,1001000139,영등포,상행,점심,평일,14,225,444,245.0,135.3,0.552,0.286
1호선,1001000139,영등포,상행,출근,평일,28,139,302,146.0,104.5,0.717,0.25
1호선,1001000139,영등포,상행,퇴근,평일,25,135,250,143.0,84.5,0.592,0.2
1호선,1001000139,영등포,하행,점심,평일,14,204,460,252.0,149.8,0.594,0.286
1호선,1001000139,영등포,하행,출근,평일,29,153,313,141.0,105.6,0.748,0.172
1호선,1001000139,영등포,하행,퇴근,평일,24,147,263,147.0,90.8,0.616,0.167
1호선,1001000140,신도림,상행,점심,평일,13,236,462,250.0,147.9,0.592,0.308
1호선,1001000140,신도림,상행,출근,평일,27,150,283,151.0,106.8,0.709,0.259
1호선,1001000140,신도림,상행,퇴근,평일,24,127,250,136.0,84.8,0.622,0.25
1호선,1001000140,신도림,하행,점심,평일,13,188,444,236.0,146.6,0.621,0.308
1호선,1001000140,신도림,하행,출근,평일,27,132,283,147.0,97.0,0.659,0.259
1호선,1001000140,신도림,하행,퇴근,평일,25,132,269,145.0,97.1,0.667,0.2
1호선,1001000141,구로,상행,점심,평일,15,198,588,238.0,185.0,0.778,0.2
1호선,1001000141,구로,상행,출근,평일,26,122,270,153.0,110.6,0.722,0.385
1호선,1001000141,구로,상행,퇴근,평일,25,140,306,142.0,94.2,0.663,0.2
1호선,1001000141,구로,하행,점심,평일,17,197,453,213.0,149.1,0.702,0.118
1호선,1001000141,구로,하행,출근,평일,28,152,277,153.0,92.5,0.603,0.179
1호선,1001000141,구로,하행,퇴근,평일,24,138,245,144.0,85.8,0.595,0.125
1호선,1001000142,구일,상행,점심,평일,2,462,765,614.0,214.3,0.349,0.5
1호선,1001000142,구일,상행,출근,평일,7,444,664,429.0,186.3,0.435,0.0
1호선,1001000142,구일,상행,퇴근,평일,7,394,637,383.0,154.1,0.402,0.143
1호선,1001000142,구일,하행,점심,평일,3,693,823,666.0,172.6,0.259,0.0
1호선,1001000142,구일,하행,출근,평일,5,524,579,502.0,85.6,0.17,0.0
1호선,1001000142,구일,하행,퇴근,평일,7,461,702,452.0,145.9,0.323,0.143
1호선,1001000143,개봉,상행,점심,평일,6,216,812,373.0,272.0,0.728,0.5
1호선,1001000143,개봉,상행,출근,평일,19,205,418,225.0,124.8,0.554,0.263
1호선,1001000143,개봉,상행,퇴근,평일,14,161,446,210.0,162.4,0.772,0.429
1호선,1001000143,개봉,하행,점심,평일,5,477,726,431.0,250.0,0.581,0.2
1호선,1001000143,개봉,하행,출근,평일,15,276,414,253.0,119.7,0.473,0.067
1호선,1001000143,개봉,하행,퇴근,평일,16,190,367,220.0,129.8,0.59,0.25
1호선,1001000144,오류동,상행,점심,평일,2,474,775,625.0,212.8,0.341,0.5
1호선,1001000144,오류동,상행,출근,평일,7,495,642,442.0,180.3,0.408,0.0
1호선,1001000144,오류동,상행,퇴근,평일,7,375,614,384.0,154.9,0.403,0.143
1호선,1001000144,오류동,하행,점심,평일,3,623,818,640.0,170.6,0.267,0.0
1호선,1001000144,오류동,하행,출근,평일,5,487,614,488.0,112.3,0.23,0.0
1호선,1001000144,오류동,하행,퇴근,평일,7,449,737,457.0,149.5,0.327,0.143
1호선,1001000145,온수,상행,점심,평일,2,466,708,587.0,171.1,0.292,0.5
1호선,1001000145,온수,상행,출근,평일,8,503,759,486.0,203.7,0.419,0.125
1호선,1001000145,온수,상행,퇴근,평일,7,385,608,389.0,159.9,0.411,0.143
1호선,1001000145,온수,하행,점심,평일,4,466,813,532.0,244.4,0.459,0.25
1호선,1001000145,온수,하행,출근,평일,5,492,625,487.0,108.7,0.223,0.0
1호선,1001000145,온수,하행,퇴근,평일,7,466,730,455.0,151.8,0.334,0.143
1호선,1001000146,역곡,상행,점심,평일,4,58,443,150.0,198.0,1.32,0.5
1호선,1001000146,역곡,상행,출근,평일,20,192,358,199.0,122.2,0.615,0.2
1호선,1001000146,역곡,상행,퇴근,평일,15,205,459,228.0,139.7,0.612,0.267
1호선,1001000146,역곡,하행,점심,평일,7,387,576,342.0,170.7,0.499,0.0
1호선,1001000146,역곡,하행,출근,평일,16,252,414,260.0,115.8,0.446,0.125
1호선,1001000146,역곡,하행,퇴근,평일,14,237,409,223.0,142.4,0.639,0.143
1호선,1001000147,소사,상행,점심,평일,1,486,486,486.0,,,0.0
1호선,1001000147,소사,상행,출근,평일,8,434,694,496.0,158.0,0.319,0.125
1호선,1001000147,소사,상행,퇴근,평일,8,432,662,426.0,167.9,0.394,0.125
1호선,1001000147,소사,하행,점심,평일,4,471,802,539.0,218.7,0.406,0.25
1호선,1001000147,소사,하행,출근,평일,5,642,706,556.0,184.1,0.331,0.0
1호선,1001000147,소사,하행,퇴근,평일,6,410,745,437.0,188.7,0.432,0.167
1호선,1001000148,부천,상행,점심,평일,5,150,580,258.0,209.8,0.813,0.4
1호선,1001000148,부천,상행,출근,평일,18,170,444,219.0,145.0,0.662,0.444
1호선,1001000148,부천,상행,퇴근,평일,16,176,442,215.0,135.6,0.631,0.375
1호선,1001000148,부천,하행,점심,평일,7,426,812,427.0,243.8,0.572,0.143
1호선,1001000148,부천,하행,출근,평일,15,225,457,270.0,178.7,0.662,0.333
1호선,1001000148,부천,하행,퇴근,평일,15,232,417,242.0,146.3,0.605,0.267
1호선,1001000149,중동,상행,점심,평일,2,491,728,610.0,167.6,0.275,0.0
1호선,1001000149,중동,상행,출근,평일,7,490,715,523.0,152.3,0.291,0.0
1호선,1001000149,중동,상행,퇴근,평일,7,471,653,459.0,155.8,0.34,0.0
1호선,1001000149,중동,하행,점심,평일,4,469,787,513.0,256.2,0.499,0.25
1호선,1001000149,중동,하행,출근,평일,5,582,713,507.0,200.8,0.396,0.0
1호선,1001000149,중동,하행,퇴근,평일,5,464,758,436.0,232.7,0.533,0.2
1호선,1001000150,송내,상행,점심,평일,6,201,876,364.0,296.6,0.814,0.5
1호선,1001000150,송내,상행,출근,평일,17,239,415,231.0,121.7,0.527,0.118
1호선,1001000150,송내,상행,퇴근,평일,14,232,406,233.0,135.5,0.581,0.286
1호선,1001000150,송내,하행,점심,평일,7,445,737,427.0,219.4,0.514,0.143
1호선,1001000150,송내,하행,출근,평일,14,267,468,255.0,191.3,0.75,0.143
1호선,1001000150,송내,하행,퇴근,평일,13,182,464,253.0,152.3,0.601,0.462
1호선,1001000151,부개,상행,점심,평일,3,725,851,711.0,148.0,0.208,0.0
1호선,1001000151,부개,상행,출근,평일,7,542,706,528.0,136.3,0.258,0.0
1호선,1001000151,부개,상행,퇴근,평일,6,438,646,468.0,156.3,0.334,0.0
1호선,1001000151,부개,하행,점심,평일,4,467,756,516.0,245.3,0.476,0.25
1호선,1001000151,부개,하행,출근,평일,6,357,721,484.0,185.5,0.384,0.5
1호선,1001000151,부개,하행,퇴근,평일,5,452,773,435.0,244.1,0.562,0.2
1호선,1001000152,부평,상행,점심,평일,5,282,886,421.0,270.1,0.641,0.4
1호선,1001000152,부평,상행,출근,평일,17,211,392,228.0,103.2,0.453,0.235
1호선,1001000152,부평,상행,퇴근,평일,16,217,370,232.0,121.0,0.522,0.313
1호선,1001000152,부평,하행,점심,평일,6,223,646,379.0,199.9,0.528,0.5
1호선,1001000152,부평,하행,출근,평일,16,241,488,247.0,196.9,0.797,0.188
1호선,1001000152,부평,하행,퇴근,평일,14,219,470,259.0,146.5,0.566,0.286
1호선,1001000153,백운,상행,점심,평일,3,740,857,710.0,164.1,0.231,0.0
1호선,1001000153,백운,상행,출근,평일,8,538,747,514.0,158.5,0.308,0.0
1호선,1001000153,백운,상행,퇴근,평일,6,459,711,512.0,180.1,0.352,0.167
1호선,1001000153,백운,하행,점심,평일,4,447,745,520.0,234.4,0.451,0.25
1호선,1001000153,백운,하행,출근,평일,5,605,689,527.0,153.6,0.292,0.0
1호선,1001000153,백운,하행,퇴근,평일,4,230,777,408.0,259.3,0.636,0.5
1호선,1001000154,동암,상행,점심,평일,5,372,827,426.0,237.2,0.557,0.2
1호선,1001000154,동암,상행,출근,평일,16,224,417,244.0,140.0,0.573,0.375
1호선,1001000154,동암,상행,퇴근,평일,15,238,412,243.0,149.6,0.615,0.333
1호선,1001000154,동암,하행,점심,평일,6,296,660,396.0,220.6,0.557,0.5
1호선,1001000154,동암,하행,출근,평일,13,352,595,314.0,217.0,0.691,0.154
1호선,1001000154,동암,하행,퇴근,평일,13,206,510,266.0,177.4,0.667,0.385
1호선,1001000155,간석,상행,점심,평일,3,759,875,728.0,165.2,0.227,0.0
1호선,1001000155,간석,상행,출근,평일,7,473,677,506.0,105.8,0.209,0.0
1호선,1001000155,간석,상행,퇴근,평일,6,446,703,507.0,172.4,0.34,0.167
1호선,1001000155,간석,하행,점심,평일,4,455,740,522.0,221.4,0.424,0.25
1호선,1001000155,간석,하행,출근,평일,5,471,677,504.0,131.8,0.262,0.0
1호선,1001000155,간석,하행,퇴근,평일,5,399,811,410.0,254.7,0.622,0.2
1호선,1001000156,주안,상행,점심,평일,5,471,871,430.0,303.5,0.705,0.2
1호선,1001000156,주안,상행,출근,평일,15,290,449,257.0,178.1,0.692,0.2
1호선,1001000156,주안,상행,퇴근,평일,13,330,411,251.0,166.6,0.664,0.077
1호선,1001000156,주안,하행,점심,평일,6,382,863,474.0,303.4,0.64,0.5
1호선,1001000156,주안,하행,출근,평일,13,257,531,283.0,202.4,0.716,0.231
1호선,1001000156,주안,하행,퇴근,평일,12,126,522,272.0,207.3,0.761,0.5
1호선,1001000157,도화,상행,점심,평일,2,547,687,617.0,99.0,0.16,0.0
1호선,1001000157,도화,상행,출근,평일,7,502,655,507.0,91.3,0.18,0.0
1호선,1001000157,도화,상행,퇴근,평일,5,556,729,563.0,104.8,0.186,0.0
1호선,1001000157,도화,하행,점심,평일,3,647,741,540.0,271.4,0.503,0.0
1호선,1001000157,도화,하행,출근,평일,6,408,742,493.0,150.2,0.305,0.167
1호선,1001000157,도화,하행,퇴근,평일,3,390,446,338.0,140.8,0.416,0.0
1호선,1001000158,제물포,상행,점심,평일,6,367,867,413.0,306.0,0.74,0.333
1호선,1001000158,제물포,상행,출근,평일,13,224,447,267.0,147.3,0.551,0.462
1호선,1001000158,제물포,상행,퇴근,평일,13,281,421,260.0,154.6,0.594,0.077
1호선,1001000158,제물포,하행,점심,평일,6,497,748,473.0,294.4,0.623,0.167
1호선,1001000158,제물포,하행,출근,평일,16,216,486,256.0,184.5,0.72,0.313
1호선,1001000158,제물포,하행,퇴근,평일,12,222,463,251.0,171.0,0.682,0.417
1호선,1001000159,도원,상행,점심,평일,2,488,717,603.0,161.9,0.269,0.0
1호선,1001000159,도원,상행,출근,평일,6,449,612,494.0,73.3,0.148,0.0
1호선,1001000159,도원,상행,퇴근,평일,4,517,694,560.0,128.1,0.229,0.0
1호선,1001000159,도원,하행,점심,평일,3,636,764,550.0,268.1,0.488,0.0
1호선,1001000159,도원,하행,출근,평일,7,464,892,552.0,204.6,0.371,0.286
1호선,1001000159,도원,하행,퇴근,평일,4,391,530,384.0,135.2,0.352,0.0
1호선,1001000160,동인천,상행,점심,평일,5,267,415,241.0,136.5,0.566,0.2
1호선,1001000160,동인천,상행,출근,평일,15,291,459,269.0,150.5,0.559,0.133
1호선,1001000160,동인천,상행,퇴근,평일,13,290,427,263.0,192.8,0.733,0.077
1호선,1001000160,동인천,하행,점심,평일,7,480,888,452.0,283.4,0.626,0.143
1호선,1001000160,동인천,하행,출근,평일,12,269,422,305.0,152.4,0.5,0.25
1호선,1001000160,동인천,하행,퇴근,평일,12,223,454,258.0,176.7,0.685,0.5
1호선,1001000161,인천,상행,점심,평일,2,248,621,435.0,263.8,0.607,0.5
1호선,1001000161,인천,상행,출근,평일,7,473,897,547.0,178.9,0.327,0.143
1호선,1001000161,인천,상행,퇴근,평일,5,378,543,395.0,112.6,0.285,0.0
1호선,1001000161,인천,하행,점심,평일,2,241,645,443.0,285.7,0.645,0.5
1호선,1001000161,인천,하행,출근,평일,6,426,636,476.0,84.9,0.178,0.0
1호선,1001000161,인천,하행,퇴근,평일,5,390,528,388.0,100.1,0.258,0.0
1호선,1001080142,가산디지털단지,상행,점심,평일,7,529,866,508.0,234.5,0.462,0.143
1호선,1001080142,가산디지털단지,상행,출근,평일,11,257,565,339.0,156.0,0.461,0.273
1호선,1001080142,가산디지털단지,상행,퇴근,평일,7,469,554,456.0,120.4,0.264,0.0
1호선,1001080142,가산디지털단지,하행,점심,평일,8,234,818,329.0,219.2,0.667,0.25
1호선,1001080142,가산디지털단지,하행,출근,평일,11,252,588,378.0,211.7,0.559,0.364
1호선,1001080142,가산디지털단지,하행,퇴근,평일,8,281,585,347.0,114.5,0.33,0.125
1호선,1001080143,독산,상행,점심,평일,3,602,694,619.0,68.5,0.111,0.0
1호선,1001080143,독산,상행,출근,평일,10,243,600,350.0,193.1,0.553,0.3
1호선,1001080143,독산,상행,퇴근,평일,6,434,573,433.0,138.9,0.321,0.0
1호선,1001080143,독산,하행,점심,평일,5,475,898,499.0,251.3,0.504,0.2
1호선,1001080143,독산,하행,출근,평일,8,275,859,386.0,217.6,0.563,0.375
1호선,1001080143,독산,하행,퇴근,평일,7,390,599,401.0,117.4,0.293,0.143
1호선,1001080144,금천구청,상행,점심,평일,3,569,722,611.0,96.7,0.158,0.0
1호선,1001080144,금천구청,상행,출근,평일,13,288,625,316.0,199.1,0.63,0.308
1호선,1001080144,금천구청,상행,퇴근,평일,7,421,585,430.0,130.1,0.302,0.0
1호선,1001080144,금천구청,하행,점심,평일,6,404,855,490.0,213.0,0.435,0.167
1호선,1001080144,금천구청,하행,출근,평일,9,290,843,362.0,193.8,0.535,0.222
1호선,1001080144,금천구청,하행,퇴근,평일,9,296,603,309.0,137.5,0.445,0.111
1호선,1001080145,석수,상행,점심,평일,4,562,731,634.0,109.1,0.172,0.0
1호선,1001080145,석수,상행,출근,평일,8,309,774,474.0,215.9,0.456,0.5
1호선,1001080145,석수,상행,퇴근,평일,6,450,629,484.0,137.5,0.284,0.0
1호선,1001080145,석수,하행,점심,평일,4,201,714,424.0,265.4,0.626,0.5
1호선,1001080145,석수,하행,출근,평일,7,349,861,466.0,274.8,0.59,0.286
1호선,1001080145,석수,하행,퇴근,평일,6,377,628,464.0,138.8,0.299,0.333
1호선,1001080146,관악,상행,점심,평일,3,719,740,669.0,104.7,0.156,0.0
1호선,1001080146,관악,상행,출근,평일,9,303,742,446.0,204.9,0.459,0.444
1호선,1001080146,관악,상행,퇴근,평일,6,376,643,477.0,136.8,0.287,0.5
1호선,1001080146,관악,하행,점심,평일,5,287,650,382.0,204.7,0.536,0.4
1호선,1001080146,관악,하행,출근,평일,7,335,881,466.0,271.3,0.582,0.286
1호선,1001080146,관악,하행,퇴근,평일,6,538,806,538.0,186.8,0.347,0.0
1호선,1001080147,안양,상행,점심,평일,6,522,716,527.0,162.3,0.308,0.0
1호선,1001080147,안양,상행,출근,평일,9,300,711,385.0,171.2,0.444,0.222
1호선,1001080147,안양,상행,퇴근,평일,7,397,655,448.0,154.5,0.345,0.143
1호선,1001080147,안양,하행,점심,평일,7,287,568,317.0,118.7,0.374,0.143
1호선,1001080147,안양,하행,출근,평일,10,307,525,396.0,197.3,0.499,0.3
1호선,1001080147,안양,하행,퇴근,평일,9,315,840,391.0,248.9,0.636,0.333
1호선,1001080148,명학,상행,점심,평일,3,686,803,669.0,142.7,0.213,0.0
1호선,1001080148,명학,상행,출근,평일,8,322,722,435.0,217.0,0.499,0.375
1호선,1001080148,명학,상행,퇴근,평일,7,466,685,477.0,139.5,0.292,0.0
1호선,1001080148,명학,하행,점심,평일,5,270,634,383.0,192.1,0.502,0.4
1호선,1001080148,명학,하행,출근,평일,8,372,862,501.0,249.2,0.498,0.375
1호선,1001080148,명학,하행,퇴근,평일,6,551,847,544.0,201.6,0.37,0.167
1호선,1001080149,금정,상행,점심,평일,5,514,702,497.0,199.6,0.402,0.0
1호선,1001080149,금정,상행,출근,평일,9,289,643,389.0,165.0,0.424,0.444
1호선,1001080149,금정,상행,퇴근,평일,8,386,682,436.0,171.9,0.395,0.25
1호선,1001080149,금정,하행,점심,평일,7,290,517,319.0,101.9,0.319,0.143
1호선,1001080149,금정,하행,출근,평일,10,258,505,374.0,209.2,0.559,0.4
1호선,1001080149,금정,하행,퇴근,평일,8,290,835,429.0,230.8,0.538,0.375
1호선,1001080150,군포,상행,점심,평일,2,440,500,470.0,42.4,0.09,0.0
1호선,1001080150,군포,상행,출근,평일,9,412,693,464.0,188.1,0.406,0.333
1호선,1001080150,군포,상행,퇴근,평일,7,460,704,477.0,145.7,0.306,0.143
1호선,1001080150,군포,하행,점심,평일,4,240,514,319.0,136.1,0.426,0.25
1호선,1001080150,군포,하행,출근,평일,7,297,706,378.0,173.6,0.46,0.286
1호선,1001080150,군포,하행,퇴근,평일,6,583,720,563.0,145.4,0.258,0.0
1호선,1001080151,당정,상행,점심,평일,2,463,464,464.0,0.7,0.002,0.0
1호선,1001080151,당정,상행,출근,평일,8,408,692,448.0,183.5,0.409,0.375
1호선,1001080151,당정,상행,퇴근,평일,7,458,638,471.0,136.3,0.29,0.0
1호선,1001080151,당정,하행,점심,평일,4,234,608,393.0,189.3,0.482,0.5
1호선,1001080151,당정,하행,출근,평일,6,240,577,362.0,159.4,0.44,0.5
1호선,1001080151,당정,하행,퇴근,평일,4,271,598,408.0,216.7,0.532,0.5
1호선,1001080152,의왕,상행,점심,평일,2,446,470,458.0,17.0,0.037,0.0
1호선,1001080152,의왕,상행,출근,평일,7,405,600,421.0,126.5,0.301,0.0
1호선,1001080152,의왕,상행,퇴근,평일,7,435,625,467.0,138.5,0.297,0.0
1호선,1001080152,의왕,하행,점심,평일,3,239,489,312.0,154.1,0.494,0.333
1호선,1001080152,의왕,하행,출근,평일,9,394,893,411.0,230.0,0.56,0.222
1호선,1001080152,의왕,하행,퇴근,평일,7,284,767,414.0,222.8,0.538,0.429
1호선,1001080153,성균관대,상행,점심,평일,7,450,876,504.0,248.2,0.492,0.286
1호선,1001080153,성균관대,상행,출근,평일,8,436,797,503.0,203.6,0.405,0.25
1호선,1001080153,성균관대,상행,퇴근,평일,6,405,642,438.0,133.7,0.305,0.167
1호선,1001080153,성균관대,하행,점심,평일,6,235,721,397.0,211.8,0.533,0.5
1호선,1001080153,성균관대,하행,출근,평일,9,284,649,335.0,161.4,0.482,0.333
1호선,1001080153,성균관대,하행,퇴근,평일,6,243,780,382.0,235.8,0.617,0.333
1호선,1001080154,화서,상행,점심,평일,3,447,456,446.0,10.5,0.024,0.0
1호선,1001080154,화서,상행,출근,평일,4,383,510,395.0,104.3,0.264,0.0
1호선,1001080154,화서,상행,퇴근,평일,7,446,657,453.0,141.0,0.311,0.0
1호선,1001080154,화서,하행,점심,평일,3,242,479,301.0,156.7,0.52,0.333
1호선,1001080154,화서,하행,출근,평일,7,438,659,403.0,176.7,0.439,0.143
1호선,1001080154,화서,하행,퇴근,평일,3,310,546,351.0,178.5,0.509,0.333
1호선,1001080155,수원,상행,점심,평일,7,391,819,451.0,213.9,0.475,0.286
1호선,1001080155,수원,상행,출근,평일,8,465,708,471.0,153.4,0.326,0.125
1호선,1001080155,수원,상행,퇴근,평일,7,444,656,459.0,141.4,0.308,0.0
1호선,1001080155,수원,하행,점심,평일,6,288,679,362.0,174.0,0.481,0.333
1호선,1001080155,수원,하행,출근,평일,8,276,618,355.0,143.0,0.403,0.375
1호선,1001080155,수원,하행,퇴근,평일,7,318,602,364.0,147.4,0.405,0.286
1호선,1001080156,세류,상행,점심,평일,3,443,851,567.0,246.9,0.436,0.333
1호선,1001080156,세류,상행,출근,평일,8,406,645,473.0,121.2,0.257,0.25
1호선,1001080156,세류,상행,퇴근,평일,7,429,602,449.0,117.7,0.262,0.0
1호선,1001080156,세류,하행,점심,평일,4,252,637,375.0,193.9,0.517,0.5
1호선,1001080156,세류,하행,출근,평일,7,461,669,457.0,180.1,0.394,0.0
1호선,1001080156,세류,하행,퇴근,평일,4,236,871,419.0,305.0,0.728,0.25
1호선,1001080157,병점,상행,점심,평일,8,391,870,447.0,215.1,0.481,0.25
1호선,1001080157,병점,상행,출근,평일,9,478,744,446.0,175.5,0.393,0.111
1호선,1001080157,병점,상행,퇴근,평일,8,418,613,400.0,183.4,0.459,0.0
1호선,1001080157,병점,하행,점심,평일,8,305,631,329.0,142.8,0.434,0.125
1호선,1001080157,병점,하행,출근,평일,10,254,482,347.0,168.2,0.485,0.4
1호선,1001080157,병점,하행,퇴근,평일,7,384,460,364.0,84.2,0.231,0.0
1호선,1001080158,세마,상행,출근,평일,2,542,825,684.0,200.1,0.293,0.5
1호선,1001080158,세마,상행,퇴근,평일,2,296,871,584.0,406.6,0.697,0.5
1호선,1001080158,세마,하행,점심,평일,1,470,470,470.0,,,0.0
1호선,1001080158,세마,하행,출근,평일,2,478,694,586.0,152.7,0.261,0.0
1호선,1001080159,오산대,상행,출근,평일,1,543,543,543.0,,,0.0
1호선,1001080159,오산대,상행,퇴근,평일,2,299,850,575.0,389.6,0.678,0.5
1호선,1001080159,오산대,하행,점심,평일,1,478,478,478.0,,,0.0
1호선,1001080159,오산대,하행,출근,평일,2,490,697,594.0,146.4,0.247,0.0
1호선,1001080159,오산대,하행,퇴근,평일,1,723,723,723.0,,,0.0
1호선,1001080160,오산,상행,점심,평일,2,245,822,534.0,408.0,0.765,0.5
1호선,1001080160,오산,상행,출근,평일,5,553,702,467.0,207.7,0.445,0.0
1호선,1001080160,오산,상행,퇴근,평일,3,898,900,688.0,366.0,0.532,0.0
1호선,1001080160,오산,하행,점심,평일,3,476,551,424.0,158.9,0.375,0.0
1호선,1001080160,오산,하행,출근,평일,5,551,698,569.0,88.3,0.155,0.0
1호선,1001080160,오산,하행,퇴근,평일,3,643,743,647.0,94.1,0.145,0.0
1호선,1001080161,진위,상행,출근,평일,3,711,868,712.0,156.0,0.219,0.0
1호선,1001080161,진위,상행,퇴근,평일,2,282,873,578.0,417.9,0.724,0.5
1호선,1001080161,진위,하행,점심,평일,1,492,492,492.0,,,0.0
1호선,1001080161,진위,하행,출근,평일,2,509,699,604.0,134.4,0.222,0.0
1호선,1001080161,진위,하행,퇴근,평일,1,724,724,724.0,,,0.0
1호선,1001080162,송탄,상행,출근,평일,3,653,880,694.0,169.3,0.244,0.0
1호선,1001080162,송탄,상행,퇴근,평일,2,835,894,865.0,41.7,0.048,0.0
1호선,1001080162,송탄,하행,점심,평일,2,326,463,395.0,96.9,0.246,0.0
1호선,1001080162,송탄,하행,출근,평일,1,673,673,673.0,,,0.0
1호선,1001080162,송탄,하행,퇴근,평일,1,746,746,746.0,,,0.0
1호선,1001080163,서정리,상행,점심,평일,2,392,698,545.0,216.4,0.397,0.5
1호선,1001080163,서정리,상행,출근,평일,4,424,534,452.0,71.0,0.157,0.0
1호선,1001080163,서정리,상행,퇴근,평일,1,517,517,517.0,,,0.0
1호선,1001080163,서정리,하행,점심,평일,4,317,787,482.0,222.8,0.462,0.5
1호선,1001080163,서정리,하행,출근,평일,4,649,716,622.0,131.7,0.212,0.0
1호선,1001080163,서정리,하행,퇴근,평일,3,797,851,777.0,86.3,0.111,0.0
1호선,1001080164,지제,상행,점심,평일,1,605,605,605.0,,,0.0
1호선,1001080164,지제,상행,출근,평일,2,524,889,707.0,258.1,0.365,0.5
1호선,1001080164,지제,하행,점심,평일,1,379,379,379.0,,,0.0
1호선,1001080164,지제,하행,퇴근,평일,1,679,679,679.0,,,0.0
1호선,1001080165,평택,상행,점심,평일,2,588,638,613.0,35.4,0.058,0.0
1호선,1001080165,평택,상행,출근,평일,4,459,592,478.0,107.3,0.225,0.0
1호선,1001080165,평택,상행,퇴근,평일,2,422,594,508.0,121.6,0.239,0.0
1호선,1001080165,평택,하행,점심,평일,4,373,720,484.0,164.7,0.34,0.25
1호선,1001080165,평택,하행,출근,평일,3,646,756,580.0,217.2,0.375,0.0
1호선,1001080165,평택,하행,퇴근,평일,4,690,849,657.0,277.4,0.422,0.0
1호선,1001080166,성환,상행,점심,평일,1,601,601,601.0,,,0.0
1호선,1001080166,성환,상행,출근,평일,3,521,594,481.0,137.4,0.286,0.0
1호선,1001080166,성환,상행,퇴근,평일,2,454,574,514.0,84.9,0.165,0.0
1호선,1001080166,성환,하행,점심,평일,4,404,700,481.0,157.4,0.327,0.25
1호선,1001080166,성환,하행,출근,평일,3,307,608,368.0,215.6,0.585,0.333
1호선,1001080166,성환,하행,퇴근,평일,5,694,860,671.0,199.1,0.297,0.0
1호선,1001080167,직산,상행,점심,평일,2,622,788,705.0,117.4,0.166,0.0
1호선,1001080167,직산,상행,출근,평일,1,522,522,522.0,,,0.0
1호선,1001080167,직산,하행,점심,평일,1,448,448,448.0,,,0.0
1호선,1001080167,직산,하행,퇴근,평일,1,648,648,648.0,,,0.0
1호선,1001080168,두정,상행,점심,평일,3,832,890,765.0,169.4,0.221,0.0
1호선,1001080168,두정,상행,출근,평일,4,571,878,607.0,244.1,0.402,0.25
1호선,1001080168,두정,상행,퇴근,평일,3,765,774,643.0,218.6,0.34,0.0
1호선,1001080168,두정,하행,점심,평일,4,413,713,495.0,149.4,0.302,0.25
1호선,1001080168,두정,하행,출근,평일,3,307,733,436.0,257.6,0.59,0.333
1호선,1001080168,두정,하행,퇴근,평일,4,650,777,642.0,180.6,0.281,0.0
1호선,1001080169,천안,상행,점심,평일,3,383,859,463.0,363.1,0.785,0.333
1호선,1001080169,천안,상행,출근,평일,3,603,833,563.0,292.6,0.52,0.0
1호선,1001080169,천안,상행,퇴근,평일,2,15,295,155.0,198.0,1.277,0.5
1호선,1001080169,천안,하행,점심,평일,3,471,756,561.0,168.7,0.301,0.333
1호선,1001080169,천안,하행,출근,평일,2,325,634,480.0,218.5,0.456,0.5
1호선,1001080169,천안,하행,퇴근,평일,4,654,784,628.0,194.7,0.31,0.0
1호선,1001080176,신창,하행,퇴근,평일,1,885,885,885.0,,,0.0
1호선,1001801571,서동탄,상행,출근,평일,1,660,660,660.0,,,0.0
1호선,1001801571,서동탄,상행,퇴근,평일,1,719,719,719.0,,,0.0
1호선,1001801571,서동탄,하행,출근,평일,1,633,633,633.0,,,0.0
1호선,1001801571,서동탄,하행,퇴근,평일,1,689,689,689.0,,,0.0
2호선,1002000201,시청,상행,점심,평일,9,409,478,376.0,90.2,0.24,0.0
2호선,1002000201,시청,상행,출근,평일,19,200,288,206.0,50.2,0.244,0.053
2호선,1002000201,시청,상행,퇴근,평일,15,206,292,217.0,66.7,0.307,0.067
2호선,1002000201,시청,하행,점심,평일,11,341,407,319.0,91.4,0.287,0.0
2호선,1002000201,시청,하행,출근,평일,21,181,260,190.0,47.2,0.249,0.0
2호선,1002000201,시청,하행,퇴근,평일,14,239,351,251.0,86.7,0.346,0.071
2호선,1002000202,을지로입구,상행,점심,평일,9,394,475,375.0,90.4,0.241,0.0
2호선,1002000202,을지로입구,상행,출근,평일,20,198,283,205.0,57.9,0.282,0.05
2호선,1002000202,을지로입구,상행,퇴근,평일,16,204,278,219.0,65.6,0.3,0.063
2호선,1002000202,을지로입구,하행,점심,평일,10,344,408,334.0,72.0,0.216,0.0
2호선,1002000202,을지로입구,하행,출근,평일,21,190,254,191.0,49.9,0.262,0.0
2호선,1002000202,을지로입구,하행,퇴근,평일,14,243,336,250.0,79.2,0.317,0.071
2호선,1002000203,을지로3가,상행,점심,평일,9,389,490,375.0,94.9,0.253,0.0
2호선,1002000203,을지로3가,상행,출근,평일,19,201,290,213.0,61.1,0.287,0.053
2호선,1002000203,을지로3가,상행,퇴근,평일,16,201,275,218.0,69.5,0.318,0.063
2호선,1002000203,을지로3가,하행,점심,평일,11,345,411,332.0,73.3,0.221,0.0
2호선,1002000203,을지로3가,하행,출근,평일,21,180,238,183.0,39.2,0.214,0.048
2호선,1002000203,을지로3가,하행,퇴근,평일,14,249,342,243.0,81.5,0.335,0.071
2호선,1002000204,을지로4가,상행,점심,평일,8,389,477,388.0,87.2,0.225,0.0
2호선,1002000204,을지로4가,상행,출근,평일,19,210,281,211.0,61.8,0.293,0.053
2호선,1002000204,을지로4가,상행,퇴근,평일,16,202,254,212.0,72.2,0.341,0.063
2호선,1002000204,을지로4가,하행,점심,평일,10,303,419,328.0,73.8,0.225,0.0
2호선,1002000204,을지로4가,하행,출근,평일,22,177,222,180.0,38.4,0.213,0.045
2호선,1002000204,을지로4가,하행,퇴근,평일,14,253,355,243.0,86.6,0.357,0.0
2호선,1002000205,동대문역사문화공원,상행,점심,평일,9,411,474,395.0,86.3,0.219,0.0
2호선,1002000205,동대문역사문화공원,상행,출근,평일,19,215,286,212.0,59.5,0.281,0.053
2호선,1002000205,동대문역사문화공원,상행,퇴근,평일,16,207,252,216.0,78.4,0.363,0.063
2호선,1002000205,동대문역사문화공원,하행,점심,평일,10,292,413,327.0,76.9,0.235,0.1
2호선,1002000205,동대문역사문화공원,하행,출근,평일,22,173,220,180.0,38.2,0.212,0.045
2호선,1002000205,동대문역사문화공원,하행,퇴근,평일,14,238,359,239.0,80.6,0.337,0.143
2호선,1002000206,신당,상행,점심,평일,8,419,486,412.0,67.3,0.163,0.0
2호선,1002000206,신당,상행,출근,평일,19,213,296,218.0,60.5,0.278,0.053
2호선,1002000206,신당,상행,퇴근,평일,16,201,247,215.0,82.8,0.386,0.063
2호선,1002000206,신당,하행,점심,평일,11,300,396,324.0,69.9,0.216,0.091
2호선,1002000206,신당,하행,출근,평일,22,176,222,184.0,33.3,0.181,0.045
2호선,1002000206,신당,하행,퇴근,평일,15,243,352,232.0,87.8,0.378,0.0
2호선,1002000207,상왕십리,상행,점심,평일,8,407,481,411.0,63.6,0.155,0.0
2호선,1002000207,상왕십리,상행,출근,평일,18,221,270,219.0,50.4,0.23,0.0
2호선,1002000207,상왕십리,상행,퇴근,평일,16,198,289,215.0,83.4,0.389,0.063
2호선,1002000207,상왕십리,하행,점심,평일,10,292,402,319.0,67.9,0.213,0.1
2호선,1002000207,상왕십리,하행,출근,평일,21,180,224,185.0,35.4,0.191,0.0
2호선,1002000207,상왕십리,하행,퇴근,평일,15,243,335,227.0,82.8,0.365,0.0
2호선,1002000208,왕십리,상행,점심,평일,8,355,473,395.0,59.4,0.15,0.0
2호선,1002000208,왕십리,상행,출근,평일,18,216,279,222.0,44.6,0.201,0.0
2호선,1002000208,왕십리,상행,퇴근,평일,17,187,318,203.0,101.0,0.497,0.118
2호선,1002000208,왕십리,하행,점심,평일,10,297,378,317.0,62.6,0.198,0.1
2호선,1002000208,왕십리,하행,출근,평일,22,179,255,190.0,37.6,0.198,0.0
2호선,1002000208,왕십리,하행,퇴근,평일,15,210,347,227.0,77.9,0.344,0.133
2호선,1002000209,한양대,상행,점심,평일,8,363,481,393.0,68.4,0.174,0.0
2호선,1002000209,한양대,상행,출근,평일,19,228,282,216.0,56.2,0.26,0.0
2호선,1002000209,한양대,상행,퇴근,평일,17,186,282,202.0,91.4,0.452,0.118
2호선,1002000209,한양대,하행,점심,평일,11,299,372,316.0,63.1,0.2,0.091
2호선,1002000209,한양대,하행,출근,평일,22,181,244,185.0,39.5,0.213,0.0
2호선,1002000209,한양대,하행,퇴근,평일,15,200,348,226.0,78.4,0.347,0.267
2호선,1002000210,뚝섬,상행,점심,평일,8,365,489,395.0,66.6,0.169,0.0
2호선,1002000210,뚝섬,상행,출근,평일,18,200,266,217.0,42.5,0.196,0.0
2호선,1002000210,뚝섬,상행,퇴근,평일,17,178,267,206.0,75.8,0.369,0.059
2호선,1002000210,뚝섬,하행,점심,평일,11,311,379,315.0,43.4,0.138,0.0
2호선,1002000210,뚝섬,하행,출근,평일,22,177,253,182.0,39.8,0.218,0.045
2호선,1002000210,뚝섬,하행,퇴근,평일,15,198,321,219.0,69.4,0.316,0.2
2호선,1002000211,성수지선,상행,점심,평일,24,95,364,152.0,126.8,0.832,0.375
2호선,1002000211,성수지선,상행,출근,평일,41,94,158,95.0,45.3,0.475,0.146
2호선,1002000211,성수지선,상행,퇴근,평일,42,82,154,86.0,49.7,0.576,0.167
2호선,1002000211,성수지선,하행,점심,평일,21,149,272,156.0,92.3,0.593,0.286
2호선,1002000211,성수지선,하행,출근,평일,37,91,196,110.0,68.7,0.626,0.351
2호선,1002000211,성수지선,하행,퇴근,평일,27,95,301,131.0,89.2,0.682,0.333
2호선,1002000212,건대입구,상행,점심,평일,8,407,484,400.0,64.4,0.161,0.0
2호선,1002000212,건대입구,상행,출근,평일,19,207,296,211.0,47.5,0.225,0.0
2호선,1002000212,건대입구,상행,퇴근,평일,19,168,256,187.0,51.5,0.275,0.105
2호선,1002000212,건대입구,하행,점심,평일,11,325,393,311.0,64.7,0.208,0.0
2호선,1002000212,건대입구,하행,출근,평일,22,159,266,182.0,54.7,0.301,0.136
2호선,1002000212,건대입구,하행,퇴근,평일,16,185,303,216.0,63.1,0.292,0.188
2호선,1002000213,구의,상행,점심,평일,9,393,497,389.0,70.0,0.18,0.0
2호선,1002000213,구의,상행,출근,평일,19,204,299,211.0,50.6,0.24,0.0
2호선,1002000213,구의,상행,퇴근,평일,19,175,262,187.0,52.4,0.28,0.053
2호선,1002000213,구의,하행,점심,평일,10,280,350,300.0,58.3,0.194,0.0
2호선,1002000213,구의,하행,출근,평일,23,169,270,179.0,46.0,0.258,0.13
2호선,1002000213,구의,하행,퇴근,평일,15,185,305,215.0,68.0,0.317,0.2
2호선,1002000214,강변,상행,점심,평일,9,392,488,388.0,69.3,0.179,0.0
2호선,1002000214,강변,상행,출근,평일,19,199,298,208.0,51.8,0.249,0.053
2호선,1002000214,강변,상행,퇴근,평일,18,170,270,193.0,62.1,0.322,0.222
2호선,1002000214,강변,하행,점심,평일,11,320,355,304.0,56.1,0.184,0.0
2호선,1002000214,강변,하행,출근,평일,23,162,216,173.0,38.6,0.223,0.087
2호선,1002000214,강변,하행,퇴근,평일,16,194,313,221.0,70.3,0.319,0.188
2호선,1002000215,잠실나루,상행,점심,평일,9,401,487,386.0,72.5,0.188,0.0
2호선,1002000215,잠실나루,상행,출근,평일,20,200,275,208.0,48.3,0.233,0.0
2호선,1002000215,잠실나루,상행,퇴근,평일,18,173,270,189.0,58.8,0.312,0.167
2호선,1002000215,잠실나루,하행,점심,평일,11,322,361,307.0,57.8,0.188,0.0
2호선,1002000215,잠실나루,하행,출근,평일,24,171,201,170.0,40.0,0.235,0.042
2호선,1002000215,잠실나루,하행,퇴근,평일,16,178,315,212.0,71.9,0.34,0.25
2호선,1002000216,잠실,상행,점심,평일,9,368,504,388.0,74.5,0.192,0.0
2호선,1002000216,잠실,상행,출근,평일,20,199,302,204.0,63.9,0.314,0.15
2호선,1002000216,잠실,상행,퇴근,평일,19,178,276,186.0,61.1,0.328,0.105
2호선,1002000216,잠실,하행,점심,평일,11,267,351,292.0,47.1,0.162,0.0
2호선,1002000216,잠실,하행,출근,평일,24,164,216,170.0,38.6,0.227,0.042
2호선,1002000216,잠실,하행,퇴근,평일,17,180,306,212.0,63.8,0.301,0.235
2호선,1002000217,잠실새내,상행,점심,평일,9,364,507,362.0,93.1,0.257,0.0
2호선,1002000217,잠실새내,상행,출근,평일,19,203,303,210.0,57.6,0.274,0.053
2호선,1002000217,잠실새내,상행,퇴근,평일,19,173,283,186.0,67.8,0.366,0.105
2호선,1002000217,잠실새내,하행,점심,평일,11,290,358,292.0,49.1,0.168,0.0
2호선,1002000217,잠실새내,하행,출근,평일,23,163,221,171.0,40.1,0.234,0.087
2호선,1002000217,잠실새내,하행,퇴근,평일,16,180,297,211.0,64.3,0.305,0.25
2호선,1002000218,종합운동장,상행,점심,평일,9,365,506,369.0,80.6,0.218,0.0
2호선,1002000218,종합운동장,상행,출근,평일,19,195,295,206.0,52.2,0.253,0.105
2호선,1002000218,종합운동장,상행,퇴근,평일,18,177,290,192.0,61.9,0.323,0.111
2호선,1002000218,종합운동장,하행,점심,평일,12,272,350,294.0,52.1,0.177,0.083
2호선,1002000218,종합운동장,하행,출근,평일,24,166,216,170.0,43.6,0.257,0.083
2호선,1002000218,종합운동장,하행,퇴근,평일,17,199,297,212.0,60.4,0.284,0.059
2호선,1002000219,삼성,상행,점심,평일,10,362,462,348.0,101.0,0.29,0.0
2호선,1002000219,삼성,상행,출근,평일,20,199,283,204.0,54.8,0.269,0.1
2호선,1002000219,삼성,상행,퇴근,평일,18,193,294,192.0,65.3,0.34,0.111
2호선,1002000219,삼성,하행,점심,평일,11,284,333,284.0,35.8,0.126,0.0
2호선,1002000219,삼성,하행,출근,평일,23,163,224,174.0,41.7,0.239,0.087
2호선,1002000219,삼성,하행,퇴근,평일,16,198,284,218.0,50.8,0.234,0.063
2호선,1002000220,선릉,상행,점심,평일,9,324,430,345.0,51.3,0.149,0.0
2호선,1002000220,선릉,상행,출근,평일,19,197,247,201.0,45.5,0.227,0.053
2호선,1002000220,선릉,상행,퇴근,평일,18,177,309,192.0,65.2,0.341,0.111
2호선,1002000220,선릉,하행,점심,평일,11,279,332,284.0,35.6,0.125,0.0
2호선,1002000220,선릉,하행,출근,평일,23,168,216,175.0,37.6,0.215,0.087
2호선,1002000220,선릉,하행,퇴근,평일,16,210,278,216.0,43.5,0.202,0.0
2호선,1002000221,역삼,상행,점심,평일,9,334,430,346.0,50.1,0.145,0.0
2호선,1002000221,역삼,상행,출근,평일,20,195,247,203.0,41.6,0.205,0.05
2호선,1002000221,역삼,상행,퇴근,평일,18,186,316,201.0,61.7,0.307,0.111
2호선,1002000221,역삼,하행,점심,평일,12,289,334,290.0,38.5,0.133,0.0
2호선,1002000221,역삼,하행,출근,평일,23,173,217,180.0,38.3,0.213,0.087
2호선,1002000221,역삼,하행,퇴근,평일,16,203,284,216.0,47.1,0.218,0.0
2호선,1002000222,강남,상행,점심,평일,10,311,415,344.0,57.6,0.168,0.0
2호선,1002000222,강남,상행,출근,평일,19,198,254,208.0,40.7,0.196,0.053
2호선,1002000222,강남,상행,퇴근,평일,18,168,271,186.0,57.1,0.307,0.111
2호선,1002000222,강남,하행,점심,평일,12,273,334,289.0,35.1,0.122,0.0
2호선,1002000222,강남,하행,출근,평일,22,167,256,181.0,38.7,0.214,0.136
2호선,1002000222,강남,하행,퇴근,평일,15,209,279,219.0,44.0,0.201,0.0
2호선,1002000223,교대,상행,점심,평일,10,318,419,344.0,54.2,0.158,0.0
2호선,1002000223,교대,상행,출근,평일,19,194,247,207.0,43.7,0.212,0.053
2호선,1002000223,교대,상행,퇴근,평일,18,169,289,192.0,55.9,0.291,0.222
2호선,1002000223,교대,하행,점심,평일,11,282,339,293.0,41.8,0.143,0.0
2호선,1002000223,교대,하행,출근,평일,22,167,258,178.0,41.8,0.235,0.136
2호선,1002000223,교대,하행,퇴근,평일,16,206,275,226.0,45.1,0.199,0.063
2호선,1002000224,서초,상행,점심,평일,9,317,448,334.0,52.1,0.156,0.0
2호선,1002000224,서초,상행,출근,평일,19,198,298,211.0,53.4,0.254,0.105
2호선,1002000224,서초,상행,퇴근,평일,18,167,269,184.0,47.8,0.26,0.111
2호선,1002000224,서초,하행,점심,평일,11,291,340,293.0,43.8,0.15,0.0
2호선,1002000224,서초,하행,출근,평일,23,174,228,176.0,37.3,0.212,0.043
2호선,1002000224,서초,하행,퇴근,평일,15,221,284,228.0,45.6,0.2,0.0
2호선,1002000225,방배,상행,점심,평일,10,315,387,340.0,50.7,0.149,0.0
2호선,1002000225,방배,상행,출근,평일,19,206,312,210.0,56.5,0.269,0.105
2호선,1002000225,방배,상행,퇴근,평일,19,164,273,181.0,56.2,0.311,0.158
2호선,1002000225,방배,하행,점심,평일,11,325,356,305.0,52.4,0.172,0.0
2호선,1002000225,방배,하행,출근,평일,23,173,208,173.0,34.1,0.197,0.0
2호선,1002000225,방배,하행,퇴근,평일,14,215,288,229.0,51.3,0.224,0.071
2호선,1002000226,사당,상행,점심,평일,10,319,375,339.0,52.4,0.154,0.0
2호선,1002000226,사당,상행,출근,평일,19,202,278,203.0,55.0,0.27,0.053
2호선,1002000226,사당,상행,퇴근,평일,20,172,235,178.0,57.0,0.32,0.1
2호선,1002000226,사당,하행,점심,평일,11,317,351,303.0,49.5,0.163,0.0
2호선,1002000226,사당,하행,출근,평일,24,172,201,171.0,32.7,0.191,0.042
2호선,1002000226,사당,하행,퇴근,평일,15,236,327,237.0,78.4,0.331,0.067
2호선,1002000227,낙성대,상행,점심,평일,9,318,465,334.0,55.7,0.167,0.0
2호선,1002000227,낙성대,상행,출근,평일,20,189,281,202.0,68.7,0.34,0.1
2호선,1002000227,낙성대,상행,퇴근,평일,19,156,294,180.0,51.2,0.284,0.105
2호선,1002000227,낙성대,하행,점심,평일,11,308,358,317.0,49.7,0.157,0.0
2호선,1002000227,낙성대,하행,출근,평일,23,171,232,170.0,42.8,0.251,0.043
2호선,1002000227,낙성대,하행,퇴근,평일,14,213,352,242.0,70.9,0.293,0.143
2호선,1002000228,서울대입구,상행,점심,평일,10,319,368,338.0,56.0,0.166,0.0
2호선,1002000228,서울대입구,상행,출근,평일,19,178,274,207.0,50.6,0.244,0.158
2호선,1002000228,서울대입구,상행,퇴근,평일,19,176,289,187.0,50.0,0.267,0.105
2호선,1002000228,서울대입구,하행,점심,평일,11,310,349,311.0,58.6,0.188,0.0
2호선,1002000228,서울대입구,하행,출근,평일,23,165,229,172.0,40.3,0.234,0.087
2호선,1002000228,서울대입구,하행,퇴근,평일,13,231,339,246.0,75.3,0.306,0.077
2호선,1002000229,봉천,상행,점심,평일,10,338,370,331.0,36.6,0.11,0.0
2호선,1002000229,봉천,상행,출근,평일,20,187,259,206.0,38.1,0.185,0.0
2호선,1002000229,봉천,상행,퇴근,평일,18,161,299,187.0,56.9,0.305,0.167
2호선,1002000229,봉천,하행,점심,평일,10,308,361,319.0,59.9,0.188,0.0
2호선,1002000229,봉천,하행,출근,평일,24,163,224,172.0,39.8,0.231,0.083
2호선,1002000229,봉천,하행,퇴근,평일,14,224,347,252.0,75.2,0.298,0.143
2호선,1002000230,신림,상행,점심,평일,10,309,358,323.0,34.7,0.108,0.0
2호선,1002000230,신림,상행,출근,평일,19,191,260,203.0,38.7,0.19,0.0
2호선,1002000230,신림,상행,퇴근,평일,19,182,287,186.0,54.9,0.294,0.105
2호선,1002000230,신림,하행,점심,평일,11,318,398,326.0,63.3,0.194,0.0
2호선,1002000230,신림,하행,출근,평일,23,167,190,168.0,33.9,0.201,0.043
2호선,1002000230,신림,하행,퇴근,평일,14,226,337,248.0,81.6,0.329,0.071
2호선,1002000231,신대방,상행,점심,평일,10,333,376,330.0,43.7,0.132,0.0
2호선,1002000231,신대방,상행,출근,평일,20,195,249,205.0,35.9,0.176,0.0
2호선,1002000231,신대방,상행,퇴근,평일,19,184,301,187.0,55.3,0.296,0.105
2호선,1002000231,신대방,하행,점심,평일,10,314,407,335.0,52.9,0.158,0.0
2호선,1002000231,신대방,하행,출근,평일,25,156,246,162.0,47.9,0.295,0.12
2호선,1002000231,신대방,하행,퇴근,평일,14,224,366,243.0,84.2,0.347,0.143
2호선,1002000232,구로디지털단지,상행,점심,평일,10,336,368,330.0,73.0,0.221,0.0
2호선,1002000232,구로디지털단지,상행,출근,평일,20,191,260,203.0,42.0,0.207,0.0
2호선,1002000232,구로디지털단지,상행,퇴근,평일,18,181,255,187.0,49.6,0.265,0.056
2호선,1002000232,구로디지털단지,하행,점심,평일,10,321,418,335.0,50.5,0.151,0.0
2호선,1002000232,구로디지털단지,하행,출근,평일,25,155,214,162.0,43.6,0.268,0.04
2호선,1002000232,구로디지털단지,하행,퇴근,평일,14,247,360,254.0,77.1,0.303,0.071
2호선,1002000233,대림,상행,점심,평일,9,350,445,333.0,72.6,0.218,0.0
2호선,1002000233,대림,상행,출근,평일,19,199,264,205.0,35.2,0.172,0.0
2호선,1002000233,대림,상행,퇴근,평일,19,180,251,192.0,50.6,0.263,0.053
2호선,1002000233,대림,하행,점심,평일,10,320,395,337.0,45.5,0.135,0.0
2호선,1002000233,대림,하행,출근,평일,25,158,208,164.0,51.2,0.312,0.04
2호선,1002000233,대림,하행,퇴근,평일,13,239,371,262.0,88.4,0.338,0.154
2호선,1002000234,신도림지선,상행,점심,평일,16,189,387,217.0,135.2,0.623,0.375
2호선,1002000234,신도림지선,상행,출근,평일,26,159,240,156.0,74.0,0.473,0.115
2호선,1002000234,신도림지선,상행,퇴근,평일,24,137,214,146.0,66.9,0.457,0.208
2호선,1002000234,신도림지선,하행,점심,평일,17,248,353,218.0,99.1,0.454,0.0
2호선,1002000234,신도림지선,하행,출근,평일,32,126,190,128.0,67.0,0.522,0.125
2호선,1002000234,신도림지선,하행,퇴근,평일,19,167,352,184.0,104.2,0.565,0.316
2호선,1002000235,문래,상행,점심,평일,9,329,491,347.0,81.5,0.235,0.0
2호선,1002000235,문래,상행,출근,평일,20,192,264,205.0,46.0,0.224,0.05
2호선,1002000235,문래,상행,퇴근,평일,16,192,308,210.0,58.7,0.28,0.125
2호선,1002000235,문래,하행,점심,평일,10,340,426,344.0,71.2,0.207,0.0
2호선,1002000235,문래,하행,출근,평일,19,184,333,212.0,66.5,0.314,0.211
2호선,1002000235,문래,하행,퇴근,평일,14,241,360,240.0,94.5,0.393,0.071
2호선,1002000236,영등포구청,상행,점심,평일,9,340,495,346.0,89.3,0.258,0.0
2호선,1002000236,영등포구청,상행,출근,평일,19,214,271,206.0,49.9,0.242,0.0
2호선,1002000236,영등포구청,상행,퇴근,평일,16,196,305,209.0,64.4,0.308,0.125
2호선,1002000236,영등포구청,하행,점심,평일,10,326,428,333.0,78.6,0.236,0.0
2호선,1002000236,영등포구청,하행,출근,평일,19,188,339,212.0,64.0,0.302,0.158
2호선,1002000236,영등포구청,하행,퇴근,평일,14,262,362,256.0,85.6,0.334,0.0
2호선,1002000237,당산,상행,점심,평일,10,341,474,351.0,86.7,0.247,0.0
2호선,1002000237,당산,상행,출근,평일,20,200,275,207.0,56.2,0.272,0.05
2호선,1002000237,당산,상행,퇴근,평일,16,190,313,211.0,61.4,0.292,0.125
2호선,1002000237,당산,하행,점심,평일,10,331,412,335.0,73.5,0.22,0.0
2호선,1002000237,당산,하행,출근,평일,19,184,306,206.0,61.1,0.297,0.158
2호선,1002000237,당산,하행,퇴근,평일,14,237,372,247.0,82.1,0.332,0.143
2호선,1002000238,합정,상행,점심,평일,9,355,493,367.0,95.3,0.26,0.0
2호선,1002000238,합정,상행,출근,평일,20,187,263,205.0,50.9,0.248,0.05
2호선,1002000238,합정,상행,퇴근,평일,16,200,327,227.0,72.6,0.32,0.125
2호선,1002000238,합정,하행,점심,평일,10,333,397,333.0,69.1,0.207,0.0
2호선,1002000238,합정,하행,출근,평일,20,176,293,207.0,60.0,0.29,0.2
2호선,1002000238,합정,하행,퇴근,평일,15,217,355,241.0,83.7,0.348,0.267
2호선,1002000239,홍대입구,상행,점심,평일,9,339,487,364.0,91.9,0.252,0.0
2호선,1002000239,홍대입구,상행,출근,평일,19,201,265,207.0,56.9,0.275,0.053
2호선,1002000239,홍대입구,상행,퇴근,평일,16,191,324,218.0,87.9,0.402,0.25
2호선,1002000239,홍대입구,하행,점심,평일,10,328,419,329.0,77.0,0.234,0.0
2호선,1002000239,홍대입구,하행,출근,평일,19,175,296,201.0,55.3,0.275,0.158
2호선,1002000239,홍대입구,하행,퇴근,평일,15,207,343,234.0,80.5,0.344,0.267
2호선,1002000240,신촌,상행,점심,평일,9,364,486,367.0,88.4,0.241,0.0
2호선,1002000240,신촌,상행,출근,평일,19,191,271,206.0,44.4,0.216,0.053
2호선,1002000240,신촌,상행,퇴근,평일,15,222,306,227.0,56.9,0.251,0.0
2호선,1002000240,신촌,하행,점심,평일,10,322,440,330.0,83.0,0.252,0.0
2호선,1002000240,신촌,하행,출근,평일,20,178,278,205.0,59.7,0.292,0.2
2호선,1002000240,신촌,하행,퇴근,평일,15,216,361,227.0,91.8,0.404,0.2
2호선,1002000241,이대,상행,점심,평일,9,350,494,368.0,98.4,0.267,0.0
2호선,1002000241,이대,상행,출근,평일,20,188,259,201.0,47.4,0.236,0.05
2호선,1002000241,이대,상행,퇴근,평일,16,209,288,225.0,53.4,0.237,0.063
2호선,1002000241,이대,하행,점심,평일,10,311,439,322.0,83.8,0.26,0.0
2호선,1002000241,이대,하행,출근,평일,20,176,278,198.0,56.9,0.287,0.15
2호선,1002000241,이대,하행,퇴근,평일,14,216,360,237.0,90.1,0.38,0.286
2호선,1002000242,아현,상행,점심,평일,9,359,485,368.0,95.9,0.261,0.0
2호선,1002000242,아현,상행,출근,평일,19,197,305,207.0,54.6,0.264,0.105
2호선,1002000242,아현,상행,퇴근,평일,15,219,287,223.0,51.3,0.231,0.0
2호선,1002000242,아현,하행,점심,평일,10,343,423,338.0,79.8,0.236,0.0
2호선,1002000242,아현,하행,출근,평일,20,175,279,197.0,58.7,0.298,0.25
2호선,1002000242,아현,하행,퇴근,평일,14,207,357,243.0,90.9,0.375,0.286
2호선,1002000243,충정로,상행,점심,평일,9,346,481,367.0,90.7,0.247,0.0
2호선,1002000243,충정로,상행,출근,평일,20,198,276,206.0,44.3,0.215,0.0
2호선,1002000243,충정로,상행,퇴근,평일,16,204,280,220.0,47.7,0.217,0.0
2호선,1002000243,충정로,하행,점심,평일,10,334,427,335.0,84.8,0.253,0.0
2호선,1002000243,충정로,하행,출근,평일,21,188,261,191.0,46.9,0.245,0.0
2호선,1002000243,충정로,하행,퇴근,평일,14,206,345,243.0,89.9,0.37,0.286
2호선,1002002111,용답,상행,점심,평일,5,588,706,591.0,73.6,0.125,0.0
2호선,1002002111,용답,상행,출근,평일,8,427,799,507.0,137.8,0.272,0.125
2호선,1002002111,용답,상행,퇴근,평일,7,440,613,486.0,98.4,0.202,0.0
2호선,1002002111,용답,하행,점심,평일,5,648,691,635.0,69.3,0.109,0.0
2호선,1002002111,용답,하행,출근,평일,8,467,623,482.0,92.7,0.193,0.0
2호선,1002002111,용답,하행,퇴근,평일,7,493,726,515.0,108.2,0.21,0.0
2호선,1002002112,신답,상행,점심,평일,5,596,700,599.0,60.8,0.101,0.0
2호선,1002002112,신답,상행,출근,평일,8,422,805,506.0,140.8,0.278,0.125
2호선,1002002112,신답,상행,퇴근,평일,6,425,604,468.0,86.8,0.186,0.0
2호선,1002002112,신답,하행,점심,평일,5,660,707,635.0,78.2,0.123,0.0
2호선,1002002112,신답,하행,출근,평일,8,465,623,482.0,93.8,0.195,0.0
2호선,1002002112,신답,하행,퇴근,평일,6,436,746,511.0,131.5,0.257,0.167
2호선,1002002113,용두,상행,점심,평일,5,583,695,596.0,61.4,0.103,0.0
2호선,1002002113,용두,상행,출근,평일,7,529,789,522.0,133.1,0.255,0.0
2호선,1002002113,용두,상행,퇴근,평일,6,431,588,469.0,78.7,0.168,0.0
2호선,1002002113,용두,하행,점심,평일,5,668,682,608.0,88.6,0.146,0.0
2호선,1002002113,용두,하행,출근,평일,7,479,621,465.0,87.8,0.189,0.0
2호선,1002002113,용두,하행,퇴근,평일,6,439,717,506.0,124.0,0.245,0.167
2호선,1002002114,신설동,상행,점심,평일,5,545,734,594.0,90.0,0.151,0.0
2호선,1002002114,신설동,상행,출근,평일,7,479,749,509.0,129.5,0.254,0.143
2호선,1002002114,신설동,상행,퇴근,평일,7,435,590,465.0,65.4,0.14,0.0
2호선,1002002114,신설동,하행,점심,평일,5,656,700,623.0,78.0,0.125,0.0
2호선,1002002114,신설동,하행,출근,평일,8,466,602,467.0,70.8,0.151,0.0
2호선,1002002114,신설동,하행,퇴근,평일,6,448,752,505.0,139.5,0.276,0.167
2호선,1002002341,도림천,상행,점심,평일,5,593,647,601.0,28.0,0.047,0.0
2호선,1002002341,도림천,상행,출근,평일,6,525,671,576.0,72.5,0.126,0.0
2호선,1002002341,도림천,상행,퇴근,평일,5,615,887,620.0,175.8,0.284,0.0
2호선,1002002341,도림천,하행,점심,평일,5,601,642,606.0,29.9,0.049,0.0
2호선,1002002341,도림천,하행,출근,평일,6,563,642,577.0,45.5,0.079,0.0
2호선,1002002341,도림천,하행,퇴근,평일,4,515,900,584.0,259.7,0.445,0.25
2호선,1002002342,양천구청,상행,점심,평일,5,600,624,597.0,26.7,0.045,0.0
2호선,1002002342,양천구청,상행,출근,평일,6,563,632,576.0,46.3,0.08,0.0
2호선,1002002342,양천구청,상행,퇴근,평일,5,614,883,613.0,178.5,0.291,0.0
2호선,1002002342,양천구청,하행,점심,평일,5,607,680,619.0,48.3,0.078,0.0
2호선,1002002342,양천구청,하행,출근,평일,6,548,675,585.0,66.4,0.114,0.0
2호선,1002002342,양천구청,하행,퇴근,평일,5,623,859,643.0,164.1,0.255,0.0
2호선,1002002343,신정네거리,상행,점심,평일,6,572,638,590.0,46.1,0.078,0.0
2호선,1002002343,신정네거리,상행,출근,평일,7,590,650,581.0,47.6,0.082,0.0
2호선,1002002343,신정네거리,상행,퇴근,평일,5,597,861,601.0,182.0,0.303,0.0
2호선,1002002343,신정네거리,하행,점심,평일,5,596,650,599.0,42.8,0.071,0.0
2호선,1002002343,신정네거리,하행,출근,평일,7,562,632,574.0,56.0,0.098,0.0
2호선,1002002343,신정네거리,하행,퇴근,평일,6,614,669,593.0,91.9,0.155,0.0
2호선,1002002344,까치산,상행,점심,평일,5,635,651,596.0,61.7,0.104,0.0
2호선,1002002344,까치산,상행,출근,평일,6,603,623,592.0,32.7,0.055,0.0
2호선,1002002344,까치산,상행,퇴근,평일,5,615,844,651.0,111.1,0.171,0.0
2호선,1002002344,까치산,하행,점심,평일,4,595,658,603.0,50.2,0.083,0.0
2호선,1002002344,까치산,하행,출근,평일,6,564,632,576.0,58.0,0.101,0.0
2호선,1002002344,까치산,하행,퇴근,평일,5,619,669,630.0,35.2,0.056,0.0
9호선,1009000901,개화,상행,점심,평일,5,626,741,645.0,54.5,0.084,0.0
9호선,1009000901,개화,상행,출근,평일,5,709,791,725.0,58.4,0.081,0.0
9호선,1009000901,개화,상행,퇴근,평일,9,683,796,694.0,62.0,0.089,0.0
9호선,1009000901,개화,하행,점심,평일,12,485,629,444.0,194.7,0.439,0.0
9호선,1009000901,개화,하행,출근,평일,9,397,719,457.0,191.3,0.418,0.333
9호선,1009000901,개화,하행,퇴근,평일,15,482,744,417.0,250.6,0.601,0.133
9호선,1009000902,김포공항,상행,점심,평일,17,305,403,320.0,54.3,0.17,0.0
9호선,1009000902,김포공항,상행,출근,평일,12,262,458,319.0,101.4,0.318,0.333
9호선,1009000902,김포공항,상행,퇴근,평일,20,303,420,324.0,78.7,0.243,0.05
9호선,1009000902,김포공항,하행,점심,평일,19,221,506,283.0,149.9,0.53,0.368
9호선,1009000902,김포공항,하행,출근,평일,18,208,367,222.0,99.5,0.449,0.167
9호선,1009000902,김포공항,하행,퇴근,평일,30,187,302,211.0,67.8,0.321,0.2
9호선,1009000903,공항시장,상행,점심,평일,16,342,496,349.0,148.0,0.424,0.063
9호선,1009000903,공항시장,상행,출근,평일,12,236,537,321.0,139.2,0.434,0.333
9호선,1009000903,공항시장,상행,퇴근,평일,18,248,519,325.0,121.2,0.373,0.333
9호선,1009000903,공항시장,하행,점심,평일,18,292,404,292.0,93.2,0.319,0.0
9호선,1009000903,공항시장,하행,출근,평일,18,220,290,207.0,62.5,0.301,0.0
9호선,1009000903,공항시장,하행,퇴근,평일,29,228,328,220.0,87.1,0.395,0.069
9호선,1009000904,신방화,상행,점심,평일,16,206,530,324.0,155.2,0.48,0.5
9호선,1009000904,신방화,상행,출근,평일,13,183,612,306.0,204.8,0.67,0.462
9호선,1009000904,신방화,상행,퇴근,평일,20,218,538,322.0,175.5,0.545,0.45
9호선,1009000904,신방화,하행,점심,평일,20,243,444,290.0,108.2,0.373,0.3
9호선,1009000904,신방화,하행,출근,평일,18,194,259,207.0,46.8,0.226,0.056
9호선,1009000904,신방화,하행,퇴근,평일,30,200,257,207.0,46.5,0.225,0.033
9호선,1009000905,마곡나루,상행,점심,평일,16,175,553,298.0,170.7,0.573,0.438
9호선,1009000905,마곡나루,상행,출근,평일,13,176,588,302.0,193.1,0.639,0.462
9호선,1009000905,마곡나루,상행,퇴근,평일,19,176,573,309.0,179.7,0.582,0.421
9호선,1009000905,마곡나루,하행,점심,평일,20,207,475,285.0,141.7,0.497,0.35
9호선,1009000905,마곡나루,하행,출근,평일,19,181,342,204.0,86.9,0.426,0.263
9호선,1009000905,마곡나루,하행,퇴근,평일,31,203,258,204.0,51.9,0.254,0.032
9호선,1009000906,양천향교,상행,점심,평일,16,93,639,288.0,247.5,0.861,0.438
9호선,1009000906,양천향교,상행,출근,평일,12,86,638,316.0,272.8,0.865,0.5
9호선,1009000906,양천향교,상행,퇴근,평일,19,106,675,306.0,263.3,0.862,0.474
9호선,1009000906,양천향교,하행,점심,평일,19,239,528,296.0,154.1,0.521,0.368
9호선,1009000906,양천향교,하행,출근,평일,19,176,309,203.0,82.5,0.407,0.158
9호선,1009000906,양천향교,하행,퇴근,평일,31,204,271,198.0,67.8,0.342,0.032
9호선,1009000907,가양,상행,점심,평일,18,109,647,296.0,262.9,0.887,0.444
9호선,1009000907,가양,상행,출근,평일,12,108,604,298.0,245.1,0.824,0.5
9호선,1009000907,가양,상행,퇴근,평일,19,148,670,303.0,254.6,0.839,0.474
9호선,1009000907,가양,하행,점심,평일,18,154,602,291.0,230.8,0.794,0.444
9호선,1009000907,가양,하행,출근,평일,21,88,354,198.0,157.9,0.799,0.476
9호선,1009000907,가양,하행,퇴근,평일,31,139,341,199.0,133.4,0.669,0.484
9호선,1009000908,증미,상행,점심,평일,17,195,569,311.0,206.5,0.663,0.471
9호선,1009000908,증미,상행,출근,평일,12,232,543,314.0,231.0,0.737,0.417
9호선,1009000908,증미,상행,퇴근,평일,21,307,570,320.0,220.3,0.688,0.286
9호선,1009000908,증미,하행,점심,평일,18,114,575,290.0,234.2,0.806,0.444
9호선,1009000908,증미,하행,출근,평일,19,132,341,188.0,118.9,0.632,0.474
9호선,1009000908,증미,하행,퇴근,평일,31,244,347,204.0,125.2,0.615,0.065
9호선,1009000909,등촌,상행,점심,평일,17,259,498,313.0,140.1,0.447,0.412
9호선,1009000909,등촌,상행,출근,평일,13,270,501,296.0,113.6,0.384,0.154
9호선,1009000909,등촌,상행,퇴근,평일,19,296,524,321.0,159.6,0.497,0.316
9호선,1009000909,등촌,하행,점심,평일,18,174,516,287.0,162.1,0.564,0.444
9호선,1009000909,등촌,하행,출근,평일,20,186,241,194.0,45.7,0.235,0.05
9호선,1009000909,등촌,하행,퇴근,평일,31,182,271,201.0,59.6,0.296,0.097
9호선,1009000910,염창,상행,점심,평일,16,257,505,326.0,144.1,0.442,0.438
9호선,1009000910,염창,상행,출근,평일,13,279,526,295.0,138.7,0.47,0.231
9호선,1009000910,염창,상행,퇴근,평일,20,265,498,292.0,152.6,0.523,0.3
9호선,1009000910,염창,하행,점심,평일,19,233,502,303.0,126.4,0.417,0.368
9호선,1009000910,염창,하행,출근,평일,20,207,234,194.0,52.9,0.273,0.0
9호선,1009000910,염창,하행,퇴근,평일,31,194,241,203.0,37.6,0.185,0.032
9호선,1009000911,신목동,상행,점심,평일,15,330,467,332.0,94.5,0.285,0.0
9호선,1009000911,신목동,상행,출근,평일,14,282,478,290.0,117.0,0.403,0.143
9호선,1009000911,신목동,상행,퇴근,평일,21,287,441,293.0,109.1,0.372,0.143
9호선,1009000911,신목동,하행,점심,평일,17,243,486,309.0,130.1,0.421,0.412
9호선,1009000911,신목동,하행,출근,평일,21,207,235,194.0,42.1,0.217,0.0
9호선,1009000911,신목동,하행,퇴근,평일,32,195,250,202.0,39.4,0.195,0.031
9호선,1009000912,선유도,상행,점심,평일,17,355,400,337.0,49.0,0.146,0.0
9호선,1009000912,선유도,상행,출근,평일,13,317,407,305.0,90.2,0.296,0.0
9호선,1009000912,선유도,상행,퇴근,평일,20,302,384,294.0,87.1,0.296,0.0
9호선,1009000912,선유도,하행,점심,평일,17,290,444,325.0,112.8,0.346,0.176
9호선,1009000912,선유도,하행,출근,평일,21,183,290,188.0,87.1,0.463,0.19
9호선,1009000912,선유도,하행,퇴근,평일,31,228,272,204.0,62.8,0.308,0.0
9호선,1009000913,당산,상행,점심,평일,17,349,407,332.0,62.4,0.188,0.0
9호선,1009000913,당산,상행,출근,평일,13,284,399,291.0,86.9,0.299,0.077
9호선,1009000913,당산,상행,퇴근,평일,22,317,374,295.0,80.4,0.273,0.0
9호선,1009000913,당산,하행,점심,평일,17,333,369,311.0,67.1,0.215,0.0
9호선,1009000913,당산,하행,출근,평일,21,99,364,188.0,140.5,0.749,0.476
9호선,1009000913,당산,하행,퇴근,평일,32,153,341,201.0,121.9,0.607,0.469
9호선,1009000914,국회의사당,상행,점심,평일,16,316,447,336.0,73.8,0.219,0.063
9호선,1009000914,국회의사당,상행,출근,평일,14,332,436,284.0,142.0,0.5,0.0
9호선,1009000914,국회의사당,상행,퇴근,평일,22,282,435,286.0,118.0,0.412,0.136
9호선,1009000914,국회의사당,하행,점심,평일,17,321,385,312.0,65.9,0.211,0.0
9호선,1009000914,국회의사당,하행,출근,평일,21,184,296,192.0,87.3,0.455,0.19
9호선,1009000914,국회의사당,하행,퇴근,평일,31,190,311,207.0,88.7,0.429,0.226
9호선,1009000915,여의도,상행,점심,평일,17,310,442,331.0,72.9,0.22,0.059
9호선,1009000915,여의도,상행,출근,평일,14,318,431,281.0,161.1,0.573,0.071
9호선,1009000915,여의도,상행,퇴근,평일,21,303,422,287.0,123.2,0.43,0.0
9호선,1009000915,여의도,하행,점심,평일,18,320,418,308.0,107.1,0.348,0.056
9호선,1009000915,여의도,하행,출근,평일,21,82,370,183.0,137.5,0.752,0.476
9호선,1009000915,여의도,하행,퇴근,평일,31,101,377,201.0,154.0,0.767,0.484
9호선,1009000916,샛강,상행,점심,평일,14,375,678,385.0,181.5,0.472,0.143
9호선,1009000916,샛강,상행,출근,평일,11,285,540,321.0,149.6,0.466,0.273
9호선,1009000916,샛강,상행,퇴근,평일,18,278,651,316.0,188.0,0.595,0.222
9호선,1009000916,샛강,하행,점심,평일,17,305,426,322.0,105.9,0.328,0.059
9호선,1009000916,샛강,하행,출근,평일,21,121,315,187.0,98.0,0.525,0.429
9호선,1009000916,샛강,하행,퇴근,평일,31,129,326,201.0,107.6,0.536,0.419
9호선,1009000917,노량진,상행,점심,평일,17,237,501,324.0,134.4,0.415,0.471
9호선,1009000917,노량진,상행,출근,평일,15,242,386,252.0,127.5,0.506,0.267
9호선,1009000917,노량진,상행,퇴근,평일,23,298,487,284.0,156.4,0.551,0.174
9호선,1009000917,노량진,하행,점심,평일,17,215,493,305.0,152.2,0.499,0.412
9호선,1009000917,노량진,하행,출근,평일,21,141,314,194.0,98.1,0.506,0.381
9호선,1009000917,노량진,하행,퇴근,평일,32,142,390,213.0,116.7,0.548,0.438
9호선,1009000918,노들,상행,점심,평일,14,196,603,342.0,201.7,0.589,0.5
9호선,1009000918,노들,상행,출근,평일,14,236,557,267.0,141.4,0.529,0.143
9호선,1009000918,노들,상행,퇴근,평일,21,310,554,313.0,190.6,0.609,0.238
9호선,1009000918,노들,하행,점심,평일,18,227,476,300.0,129.2,0.43,0.389
9호선,1009000918,노들,하행,출근,평일,21,128,322,184.0,102.3,0.555,0.381
9호선,1009000918,노들,하행,퇴근,평일,29,133,435,223.0,135.0,0.604,0.448
9호선,1009000919,흑석,상행,점심,평일,14,97,665,311.0,273.2,0.88,0.429
9호선,1009000919,흑석,상행,출근,평일,16,212,388,242.0,135.4,0.56,0.188
9호선,1009000919,흑석,상행,퇴근,평일,23,219,609,271.0,195.2,0.719,0.261
9호선,1009000919,흑석,하행,점심,평일,18,172,540,294.0,188.4,0.642,0.389
9호선,1009000919,흑석,하행,출근,평일,21,170,288,188.0,65.8,0.35,0.143
9호선,1009000919,흑석,하행,퇴근,평일,30,180,345,220.0,87.7,0.399,0.167
9호선,1009000920,동작,상행,점심,평일,17,168,671,329.0,271.0,0.824,0.471
9호선,1009000920,동작,상행,출근,평일,17,225,360,242.0,109.9,0.454,0.235
9호선,1009000920,동작,상행,퇴근,평일,23,238,516,257.0,148.8,0.578,0.261
9호선,1009000920,동작,하행,점심,평일,19,212,604,302.0,249.0,0.825,0.421
9호선,1009000920,동작,하행,출근,평일,21,213,261,190.0,71.1,0.375,0.0
9호선,1009000920,동작,하행,퇴근,평일,28,232,293,219.0,66.9,0.306,0.071
9호선,1009000921,구반포,상행,점심,평일,17,256,617,328.0,228.5,0.696,0.471
9호선,1009000921,구반포,상행,출근,평일,15,177,395,235.0,116.7,0.496,0.467
9호선,1009000921,구반포,상행,퇴근,평일,23,202,451,258.0,117.2,0.453,0.261
9호선,1009000921,구반포,하행,점심,평일,15,233,611,323.0,250.7,0.777,0.467
9호선,1009000921,구반포,하행,출근,평일,19,219,287,212.0,70.1,0.331,0.053
9호선,1009000921,구반포,하행,퇴근,평일,26,217,323,229.0,82.4,0.361,0.077
9호선,1009000922,신반포,상행,점심,평일,15,315,554,347.0,183.8,0.529,0.267
9호선,1009000922,신반포,상행,출근,평일,15,158,461,249.0,158.1,0.636,0.467
9호선,1009000922,신반포,상행,퇴근,평일,21,247,488,281.0,160.2,0.57,0.286
9호선,1009000922,신반포,하행,점심,평일,17,202,531,318.0,190.5,0.599,0.471
9호선,1009000922,신반포,하행,출근,평일,19,197,336,194.0,108.3,0.557,0.211
9호선,1009000922,신반포,하행,퇴근,평일,27,248,326,218.0,120.2,0.551,0.037
9호선,1009000923,고속터미널,상행,점심,평일,15,301,572,336.0,166.6,0.495,0.333
9호선,1009000923,고속터미널,상행,출근,평일,16,154,481,233.0,169.2,0.726,0.438
9호선,1009000923,고속터미널,상행,퇴근,평일,24,263,472,266.0,147.7,0.555,0.292
9호선,1009000923,고속터미널,하행,점심,평일,18,213,475,305.0,142.2,0.466,0.444
9호선,1009000923,고속터미널,하행,출근,평일,21,116,358,186.0,137.7,0.739,0.476
9호선,1009000923,고속터미널,하행,퇴근,평일,29,206,388,211.0,153.1,0.727,0.414
9호선,1009000924,사평,상행,점심,평일,14,335,703,391.0,160.2,0.41,0.143
9호선,1009000924,사평,상행,출근,평일,16,189,431,233.0,146.8,0.631,0.375
9호선,1009000924,사평,상행,퇴근,평일,21,253,521,291.0,201.3,0.693,0.333
9호선,1009000924,사평,하행,점심,평일,17,214,474,300.0,135.6,0.452,0.412
9호선,1009000924,사평,하행,출근,평일,20,125,312,196.0,102.6,0.523,0.45
9호선,1009000924,사평,하행,퇴근,평일,29,204,413,221.0,121.6,0.55,0.276
9호선,1009000925,신논현,상행,점심,평일,16,347,469,330.0,100.2,0.304,0.0
9호선,1009000925,신논현,상행,출근,평일,18,190,453,228.0,150.6,0.66,0.389
9호선,1009000925,신논현,상행,퇴근,평일,24,287,400,257.0,142.7,0.555,0.042
9호선,1009000925,신논현,하행,점심,평일,17,301,423,317.0,90.1,0.284,0.0
9호선,1009000925,신논현,하행,출근,평일,21,144,333,195.0,105.6,0.541,0.429
9호선,1009000925,신논현,하행,퇴근,평일,29,237,401,227.0,116.3,0.512,0.138
9호선,1009000926,언주,상행,점심,평일,13,385,706,428.0,155.4,0.363,0.231
9호선,1009000926,언주,상행,출근,평일,17,226,364,226.0,108.9,0.482,0.118
9호선,1009000926,언주,상행,퇴근,평일,21,290,504,300.0,163.1,0.544,0.143
9호선,1009000926,언주,하행,점심,평일,14,371,684,385.0,181.1,0.47,0.214
9호선,1009000926,언주,하행,출근,평일,21,121,329,190.0,107.0,0.564,0.429
9호선,1009000926,언주,하행,퇴근,평일,24,281,409,262.0,142.7,0.544,0.083
9호선,1009000927,선정릉,상행,점심,평일,16,333,396,341.0,55.4,0.162,0.0
9호선,1009000927,선정릉,상행,출근,평일,18,216,369,224.0,128.1,0.571,0.222
9호선,1009000927,선정릉,상행,퇴근,평일,24,284,388,262.0,110.9,0.424,0.0
9호선,1009000927,선정릉,하행,점심,평일,18,324,366,317.0,56.1,0.177,0.0
9호선,1009000927,선정릉,하행,출근,평일,21,181,262,194.0,55.1,0.284,0.095
9호선,1009000927,선정릉,하행,퇴근,평일,27,214,331,228.0,67.8,0.297,0.148
9호선,1009000928,삼성중앙,상행,점심,평일,14,312,603,370.0,153.4,0.414,0.214
9호선,1009000928,삼성중앙,상행,출근,평일,19,224,333,222.0,91.4,0.412,0.053
9호선,1009000928,삼성중앙,상행,퇴근,평일,23,249,443,261.0,101.1,0.387,0.174
9호선,1009000928,삼성중앙,하행,점심,평일,16,335,384,338.0,110.4,0.326,0.063
9호선,1009000928,삼성중앙,하행,출근,평일,21,203,260,192.0,54.2,0.282,0.0
9호선,1009000928,삼성중앙,하행,퇴근,평일,25,214,325,253.0,126.1,0.499,0.12
9호선,1009000929,봉은사,상행,점심,평일,16,292,460,324.0,98.8,0.305,0.188
9호선,1009000929,봉은사,상행,출근,평일,17,239,291,212.0,68.8,0.325,0.0
9호선,1009000929,봉은사,상행,퇴근,평일,24,236,419,257.0,92.0,0.358,0.167
9호선,1009000929,봉은사,하행,점심,평일,17,291,436,319.0,94.2,0.296,0.059
9호선,1009000929,봉은사,하행,출근,평일,22,186,271,189.0,55.0,0.291,0.045
9호선,1009000929,봉은사,하행,퇴근,평일,27,240,338,233.0,70.1,0.3,0.074
9호선,1009000930,종합운동장,상행,점심,평일,16,275,470,333.0,94.2,0.282,0.25
9호선,1009000930,종합운동장,상행,출근,평일,18,230,301,214.0,67.6,0.316,0.0
9호선,1009000930,종합운동장,상행,퇴근,평일,25,243,421,255.0,90.3,0.355,0.16
9호선,1009000930,종합운동장,하행,점심,평일,18,266,418,309.0,81.0,0.262,0.278
9호선,1009000930,종합운동장,하행,출근,평일,21,182,249,189.0,44.8,0.237,0.095
9호선,1009000930,종합운동장,하행,퇴근,평일,27,230,366,236.0,70.4,0.298,0.111
9호선,1009000931,삼전,상행,점심,평일,17,204,541,324.0,163.8,0.506,0.471
9호선,1009000931,삼전,상행,출근,평일,19,199,359,214.0,70.2,0.328,0.158
9호선,1009000931,삼전,상행,퇴근,평일,26,190,486,254.0,117.9,0.465,0.269
9호선,1009000931,삼전,하행,점심,평일,17,278,421,315.0,85.1,0.27,0.176
9호선,1009000931,삼전,하행,출근,평일,20,183,282,201.0,81.8,0.407,0.15
9호선,1009000931,삼전,하행,퇴근,평일,26,234,415,245.0,84.4,0.344,0.154
9호선,1009000932,석촌고분,상행,점심,평일,14,137,615,333.0,240.6,0.722,0.5
9호선,1009000932,석촌고분,상행,출근,평일,18,131,430,209.0,122.6,0.586,0.5
9호선,1009000932,석촌고분,상행,퇴근,평일,25,239,582,255.0,182.5,0.714,0.24
9호선,1009000932,석촌고분,하행,점심,평일,18,210,502,308.0,147.6,0.479,0.389
9호선,1009000932,석촌고분,하행,출근,평일,20,173,344,198.0,83.6,0.423,0.2
9호선,1009000932,석촌고분,하행,퇴근,평일,26,220,353,234.0,110.9,0.473,0.154
9호선,1009000933,석촌,상행,점심,평일,16,122,616,332.0,241.9,0.728,0.5
9호선,1009000933,석촌,상행,출근,평일,19,131,421,205.0,120.2,0.587,0.421
9호선,1009000933,석촌,상행,퇴근,평일,25,117,555,233.0,162.9,0.699,0.48
9호선,1009000933,석촌,하행,점심,평일,17,142,558,312.0,212.4,0.68,0.471
9호선,1009000933,석촌,하행,출근,평일,22,128,349,187.0,117.6,0.628,0.5
9호선,1009000933,석촌,하행,퇴근,평일,27,181,395,227.0,155.7,0.685,0.444
9호선,1009000934,송파나루,상행,점심,평일,14,178,658,349.0,249.2,0.714,0.5
9호선,1009000934,송파나루,상행,출근,평일,18,141,397,218.0,123.5,0.567,0.444
9호선,1009000934,송파나루,상행,퇴근,평일,22,243,556,270.0,162.7,0.602,0.182
9호선,1009000934,송파나루,하행,점심,평일,15,493,570,345.0,225.7,0.655,0.0
9호선,1009000934,송파나루,하행,출근,평일,18,148,399,220.0,120.9,0.55,0.5
9호선,1009000934,송파나루,하행,퇴근,평일,26,262,523,269.0,160.1,0.596,0.192
9호선,1009000935,한성백제,상행,점심,평일,17,220,540,325.0,159.6,0.49,0.471
9호선,1009000935,한성백제,상행,출근,평일,19,179,366,214.0,81.3,0.38,0.158
9호선,1009000935,한성백제,상행,퇴근,평일,25,229,445,246.0,90.9,0.369,0.12
9호선,1009000935,한성백제,하행,점심,평일,16,110,616,304.0,255.9,0.842,0.438
9호선,1009000935,한성백제,하행,출근,평일,21,110,340,188.0,112.6,0.598,0.429
9호선,1009000935,한성백제,하행,퇴근,평일,26,135,378,225.0,155.0,0.688,0.5
9호선,1009000936,올림픽공원,상행,점심,평일,17,255,528,325.0,161.4,0.497,0.471
9호선,1009000936,올림픽공원,상행,출근,평일,19,189,349,202.0,77.8,0.386,0.105
9호선,1009000936,올림픽공원,상행,퇴근,평일,27,211,476,248.0,103.0,0.416,0.148
9호선,1009000936,올림픽공원,하행,점심,평일,17,176,550,325.0,195.0,0.601,0.471
9호선,1009000936,올림픽공원,하행,출근,평일,20,159,279,202.0,66.0,0.327,0.35
9호선,1009000936,올림픽공원,하행,퇴근,평일,27,182,361,223.0,111.5,0.5,0.259
9호선,1009000937,둔촌오륜,상행,점심,평일,16,260,462,317.0,110.5,0.348,0.313
9호선,1009000937,둔촌오륜,상행,출근,평일,19,209,280,205.0,53.2,0.26,0.053
9호선,1009000937,둔촌오륜,상행,퇴근,평일,26,235,412,246.0,82.2,0.334,0.154
9호선,1009000937,둔촌오륜,하행,점심,평일,17,162,565,322.0,203.6,0.632,0.471
9호선,1009000937,둔촌오륜,하행,출근,평일,19,215,322,209.0,76.2,0.365,0.053
9호선,1009000937,둔촌오륜,하행,퇴근,평일,27,194,377,227.0,124.5,0.548,0.259
9호선,1009000938,중앙보훈병원,상행,점심,평일,17,369,595,335.0,176.1,0.526,0.176
9호선,1009000938,중앙보훈병원,상행,출근,평일,20,225,303,200.0,84.1,0.421,0.0
9호선,1009000938,중앙보훈병원,상행,퇴근,평일,26,225,441,236.0,113.5,0.482,0.115
9호선,1009000938,중앙보훈병원,하행,점심,평일,17,224,516,324.0,147.9,0.456,0.471
9호선,1009000938,중앙보훈병원,하행,출근,평일,20,202,237,205.0,40.6,0.198,0.0
9호선,1009000938,중앙보훈병원,하행,퇴근,평일,27,213,358,231.0,89.0,0.384,0.111
